,claps,spoint
-15.0,0,0.0
-14.99,0,0.0
-14.98,0,0.0
-14.97,0,0.0
-14.96,0,0.0
-14.95,0,0.0
-14.94,0,0.0
-14.93,0,0.0
-14.92,0,0.0
-14.91,0,0.0
-14.9,0,0.0
-14.89,0,0.0
-14.88,0,0.0
-14.87,0,0.0
-14.86,0,0.0
-14.85,0,0.0
-14.84,0,0.0
-14.83,0,0.0
-14.82,0,0.0
-14.81,0,0.0
-14.8,0,0.0
-14.79,0,0.0
-14.78,0,0.0
-14.77,0,0.0
-14.76,0,0.0
-14.75,0,0.0
-14.74,0,0.0
-14.73,0,0.0
-14.72,0,0.0
-14.71,0,0.0
-14.7,0,0.0
-14.69,0,0.0
-14.68,0,0.0
-14.67,0,0.0
-14.66,0,0.0
-14.65,0,0.0
-14.64,0,0.0
-14.63,0,0.0
-14.62,0,0.0
-14.61,0,0.0
-14.6,0,0.0
-14.59,0,0.0
-14.58,0,0.0
-14.57,0,0.0
-14.56,0,0.0
-14.55,0,0.0
-14.54,0,0.0
-14.53,0,0.0
-14.52,0,0.0
-14.51,0,0.0
-14.5,0,0.0
-14.49,0,0.0
-14.48,0,0.0
-14.47,0,0.0
-14.46,0,0.0
-14.45,0,0.0
-14.44,0,0.0
-14.43,0,0.0
-14.42,0,0.0
-14.41,0,0.0
-14.4,0,0.0
-14.39,0,0.0
-14.38,0,0.0
-14.37,0,0.0
-14.36,0,0.0
-14.35,0,0.0
-14.34,0,0.0
-14.33,0,0.0
-14.32,0,0.0
-14.31,0,0.0
-14.3,0,0.0
-14.29,0,0.0
-14.28,0,0.0
-14.27,0,0.0
-14.26,0,0.0
-14.25,0,0.0
-14.24,0,0.0
-14.23,0,0.0
-14.22,0,0.0
-14.21,0,0.0
-14.2,0,0.0
-14.19,0,0.0
-14.18,0,0.0
-14.17,0,0.0
-14.16,0,0.0
-14.15,0,0.0
-14.14,0,0.0
-14.13,0,0.0
-14.12,0,0.0
-14.11,0,0.0
-14.1,0,0.0
-14.09,0,0.0
-14.08,0,0.0
-14.07,0,0.0
-14.06,0,0.0
-14.05,0,0.0
-14.04,0,0.0
-14.03,0,0.0
-14.02,0,0.0
-14.01,0,0.0
-14.0,0,0.0
-13.99,0,0.0
-13.98,0,0.0
-13.97,0,0.0
-13.96,0,0.0
-13.95,0,0.0
-13.94,0,0.0
-13.93,0,0.0
-13.92,0,0.0
-13.91,0,0.0
-13.9,0,0.0
-13.89,0,0.0
-13.88,0,0.0
-13.87,0,0.0
-13.86,0,0.0
-13.85,0,0.0
-13.84,0,0.0
-13.83,0,0.0
-13.82,0,0.0
-13.81,0,0.0
-13.8,0,0.0
-13.79,0,0.0
-13.78,0,0.0
-13.77,0,0.0
-13.76,0,0.0
-13.75,0,0.0
-13.74,0,0.0
-13.73,0,0.0
-13.72,0,0.0
-13.71,0,0.0
-13.7,0,0.0
-13.69,0,0.0
-13.68,0,0.0
-13.67,0,0.0
-13.66,0,0.0
-13.65,0,0.0
-13.64,0,0.0
-13.63,0,0.0
-13.62,0,0.0
-13.61,0,0.0
-13.6,0,0.0
-13.59,0,0.0
-13.58,0,0.0
-13.57,0,0.0
-13.56,0,0.0
-13.55,0,0.0
-13.54,0,0.0
-13.53,0,0.0
-13.52,0,0.0
-13.51,0,0.0
-13.5,0,0.0
-13.49,0,0.0
-13.48,0,0.0
-13.47,0,0.0
-13.46,0,0.0
-13.45,0,0.0
-13.44,0,0.0
-13.43,0,0.0
-13.42,0,0.0
-13.41,0,0.0
-13.4,0,0.0
-13.39,0,0.0
-13.38,0,0.0
-13.37,0,0.0
-13.36,0,0.0
-13.35,0,0.0
-13.34,0,0.0
-13.33,0,0.0
-13.32,0,0.0
-13.31,0,0.0
-13.3,0,0.0
-13.29,0,0.0
-13.28,0,0.0
-13.27,0,0.0
-13.26,0,0.0
-13.25,0,0.0
-13.24,0,0.0
-13.23,0,0.0
-13.22,0,0.0
-13.21,0,0.0
-13.2,0,0.0
-13.19,0,0.0
-13.18,0,0.0
-13.17,0,0.0
-13.16,0,0.0
-13.15,0,0.0
-13.14,0,0.0
-13.13,0,0.0
-13.12,0,0.0
-13.11,0,0.0
-13.1,0,0.0
-13.09,0,0.0
-13.08,0,0.0
-13.07,0,0.0
-13.06,0,0.0
-13.05,0,0.0
-13.04,0,0.0
-13.03,0,0.0
-13.02,0,0.0
-13.01,0,0.0
-13.0,0,0.0
-12.99,0,0.0
-12.98,0,0.0
-12.97,0,0.0
-12.96,0,0.0
-12.95,0,0.0
-12.94,0,0.0
-12.93,0,0.0
-12.92,0,0.0
-12.91,0,0.0
-12.9,0,0.0
-12.89,0,0.0
-12.88,0,0.0
-12.87,0,0.0
-12.86,0,0.0
-12.85,0,0.0
-12.84,0,0.0
-12.83,0,0.0
-12.82,0,0.0
-12.81,0,0.0
-12.8,0,0.0
-12.79,0,0.0
-12.78,0,0.0
-12.77,0,0.0
-12.76,0,0.0
-12.75,0,0.0
-12.74,0,0.0
-12.73,0,0.0
-12.72,0,0.0
-12.71,0,0.0
-12.7,0,0.0
-12.69,0,0.0
-12.68,0,0.0
-12.67,0,0.0
-12.66,0,0.0
-12.65,0,0.0
-12.64,0,0.0
-12.63,0,0.0
-12.62,0,0.0
-12.61,0,0.0
-12.6,0,0.0
-12.59,0,0.0
-12.58,0,0.0
-12.57,0,0.0
-12.56,0,0.0
-12.55,0,0.0
-12.54,0,0.0
-12.53,0,0.0
-12.52,0,0.0
-12.51,0,0.0
-12.5,0,0.0
-12.49,0,0.0
-12.48,0,0.0
-12.47,0,0.0
-12.46,0,0.0
-12.45,0,0.0
-12.44,0,0.0
-12.43,0,0.0
-12.42,0,0.0
-12.41,0,0.0
-12.4,0,0.0
-12.39,0,0.0
-12.38,0,0.0
-12.37,0,0.0
-12.36,0,0.0
-12.35,0,0.0
-12.34,0,0.0
-12.33,0,0.0
-12.32,0,0.0
-12.31,0,0.0
-12.3,0,0.0
-12.29,0,0.0
-12.28,0,0.0
-12.27,0,0.0
-12.26,0,0.0
-12.25,0,0.0
-12.24,0,0.0
-12.23,0,0.0
-12.22,0,0.0
-12.21,0,0.0
-12.2,0,0.0
-12.19,0,0.0
-12.18,0,0.0
-12.17,0,0.0
-12.16,0,0.0
-12.15,0,0.0
-12.14,0,0.0
-12.13,0,0.0
-12.12,0,0.0
-12.11,0,0.0
-12.1,0,0.0
-12.09,0,0.0
-12.08,0,0.0
-12.07,0,0.0
-12.06,0,0.0
-12.05,0,0.0
-12.04,0,0.0
-12.03,0,0.0
-12.02,0,0.0
-12.01,0,0.0
-12.0,0,0.0
-11.99,0,0.0
-11.98,0,0.0
-11.97,0,0.0
-11.96,0,0.0
-11.95,0,0.0
-11.94,0,0.0
-11.93,0,0.0
-11.92,0,0.0
-11.91,0,0.0
-11.9,0,0.0
-11.89,0,0.0
-11.88,0,0.0
-11.87,0,0.0
-11.86,0,0.0
-11.85,0,0.0
-11.84,0,0.0
-11.83,0,0.0
-11.82,0,0.0
-11.81,0,0.0
-11.8,0,0.0
-11.79,0,0.0
-11.78,0,0.0
-11.77,0,0.0
-11.76,0,0.0
-11.75,0,0.0
-11.74,0,0.0
-11.73,0,0.0
-11.72,0,0.0
-11.71,0,0.0
-11.7,0,0.0
-11.69,0,0.0
-11.68,0,0.0
-11.67,0,0.0
-11.66,0,0.0
-11.65,0,0.0
-11.64,0,0.0
-11.63,0,0.0
-11.62,0,0.0
-11.61,0,0.0
-11.6,0,0.0
-11.59,0,0.0
-11.58,0,0.0
-11.57,0,0.0
-11.56,0,0.0
-11.55,0,0.0
-11.54,0,0.0
-11.53,0,0.0
-11.52,0,0.0
-11.51,0,0.0
-11.5,0,0.0
-11.49,0,0.0
-11.48,0,0.0
-11.47,0,0.0
-11.46,0,0.0
-11.45,0,0.0
-11.44,0,0.0
-11.43,0,0.0
-11.42,0,0.0
-11.41,0,0.0
-11.4,0,0.0
-11.39,0,0.0
-11.38,0,0.0
-11.37,0,0.0
-11.36,0,0.0
-11.35,0,0.0
-11.34,0,0.0
-11.33,0,0.0
-11.32,0,0.0
-11.31,0,0.0
-11.3,0,0.0
-11.29,0,0.0
-11.28,0,0.0
-11.27,0,0.0
-11.26,0,0.0
-11.25,0,0.0
-11.24,0,0.0
-11.23,0,0.0
-11.22,0,0.0
-11.21,0,0.0
-11.2,0,0.0
-11.19,0,0.0
-11.18,0,0.0
-11.17,0,0.0
-11.16,0,0.0
-11.15,0,0.0
-11.14,0,0.0
-11.13,0,0.0
-11.12,0,0.0
-11.11,0,0.0
-11.1,0,0.0
-11.09,0,0.0
-11.08,0,0.0
-11.07,0,0.0
-11.06,0,0.0
-11.05,0,0.0
-11.04,0,0.0
-11.03,0,0.0
-11.02,0,0.0
-11.01,0,0.0
-11.0,0,0.0
-10.99,0,0.0
-10.98,0,0.0
-10.97,0,0.0
-10.96,0,0.0
-10.95,0,0.0
-10.94,0,0.0
-10.93,0,0.0
-10.92,0,0.0
-10.91,0,0.0
-10.9,0,0.0
-10.89,0,0.0
-10.88,0,0.0
-10.87,0,0.0
-10.86,0,0.0
-10.85,0,0.0
-10.84,0,0.0
-10.83,0,0.0
-10.82,0,0.0
-10.81,0,0.0
-10.8,0,0.0
-10.79,0,0.0
-10.78,0,0.0
-10.77,0,0.0
-10.76,0,0.0
-10.75,0,0.0
-10.74,0,0.0
-10.73,0,0.0
-10.72,0,0.0
-10.71,0,0.0
-10.7,0,0.0
-10.69,0,0.0
-10.68,0,0.0
-10.67,0,0.0
-10.66,0,0.0
-10.65,0,0.0
-10.64,0,0.0
-10.63,0,0.0
-10.62,0,0.0
-10.61,0,0.0
-10.6,0,0.0
-10.59,0,0.0
-10.58,0,0.0
-10.57,0,0.0
-10.56,0,0.0
-10.55,0,0.0
-10.54,0,0.0
-10.53,0,0.0
-10.52,0,0.0
-10.51,0,0.0
-10.5,0,0.0
-10.49,0,0.0
-10.48,0,0.0
-10.47,0,0.0
-10.46,0,0.0
-10.45,0,0.0
-10.44,0,0.0
-10.43,0,0.0
-10.42,0,0.0
-10.41,0,0.0
-10.4,0,0.0
-10.39,0,0.0
-10.38,0,0.0
-10.37,0,0.0
-10.36,0,0.0
-10.35,0,0.0
-10.34,0,0.0
-10.33,0,0.0
-10.32,0,0.0
-10.31,0,0.0
-10.3,0,0.0
-10.29,0,0.0
-10.28,0,0.0
-10.27,0,0.0
-10.26,0,0.0
-10.25,0,0.0
-10.24,0,0.0
-10.23,0,0.0
-10.22,0,0.0
-10.21,0,0.0
-10.2,0,0.0
-10.19,0,0.0
-10.18,0,0.0
-10.17,0,0.0
-10.16,0,0.0
-10.15,0,0.0
-10.14,0,0.0
-10.13,0,0.0
-10.12,0,0.0
-10.11,0,0.0
-10.1,0,0.0
-10.09,0,0.0
-10.08,0,0.0
-10.07,0,0.0
-10.06,0,0.0
-10.05,0,0.0
-10.04,0,0.0
-10.03,0,0.0
-10.02,0,0.0
-10.01,0,0.0
-10.0,0,0.0
-9.99,0,0.0
-9.98,0,0.0
-9.97,0,0.0
-9.96,0,0.0
-9.95,0,0.0
-9.94,0,0.0
-9.93,0,0.0
-9.92,0,0.0
-9.91,0,0.0
-9.9,0,0.0
-9.89,0,0.0
-9.88,0,0.0
-9.87,0,0.0
-9.86,0,0.0
-9.85,0,0.0
-9.84,0,0.0
-9.83,0,0.0
-9.82,0,0.0
-9.81,0,0.0
-9.8,0,0.0
-9.79,0,0.0
-9.78,0,0.0
-9.77,0,0.0
-9.76,0,0.0
-9.75,0,0.0
-9.74,0,0.0
-9.73,0,0.0
-9.72,0,0.0
-9.71,0,0.0
-9.7,0,0.0
-9.69,0,0.0
-9.68,0,0.0
-9.67,0,0.0
-9.66,0,0.0
-9.65,0,0.0
-9.64,0,0.0
-9.63,0,0.0
-9.62,0,0.0
-9.61,0,0.0
-9.6,0,0.0
-9.59,0,0.0
-9.58,0,0.0
-9.57,0,0.0
-9.56,0,0.0
-9.55,0,0.0
-9.54,0,0.0
-9.53,0,0.0
-9.52,0,0.0
-9.51,0,0.0
-9.5,0,0.0
-9.49,0,0.0
-9.48,0,0.0
-9.47,0,0.0
-9.46,0,0.0
-9.45,0,0.0
-9.44,0,0.0
-9.43,0,0.0
-9.42,0,0.0
-9.41,0,0.0
-9.4,0,0.0
-9.39,0,0.0
-9.38,0,0.0
-9.37,0,0.0
-9.36,0,0.0
-9.35,0,0.0
-9.34,0,0.0
-9.33,0,0.0
-9.32,0,0.0
-9.31,0,0.0
-9.3,0,0.0
-9.29,0,0.0
-9.28,0,0.0
-9.27,0,0.0
-9.26,0,0.0
-9.25,0,0.0
-9.24,0,0.0
-9.23,0,0.0
-9.22,0,0.0
-9.21,0,0.0
-9.2,0,0.0
-9.19,0,0.0
-9.18,0,0.0
-9.17,0,0.0
-9.16,0,0.0
-9.15,0,0.0
-9.14,0,0.0
-9.13,0,0.0
-9.12,0,0.0
-9.11,0,0.0
-9.1,0,0.0
-9.09,0,0.0
-9.08,0,0.0
-9.07,0,0.0
-9.06,0,0.0
-9.05,0,0.0
-9.04,0,0.0
-9.03,0,0.0
-9.02,0,0.0
-9.01,0,0.0
-9.0,0,0.0
-8.99,0,0.0
-8.98,0,0.0
-8.97,0,0.0
-8.96,0,0.0
-8.95,0,0.0
-8.94,0,0.0
-8.93,0,0.0
-8.92,0,0.0
-8.91,0,0.0
-8.9,0,0.0
-8.89,0,0.0
-8.88,0,0.0
-8.87,0,0.0
-8.86,0,0.0
-8.85,0,0.0
-8.84,0,0.0
-8.83,0,0.0
-8.82,0,0.0
-8.81,0,0.0
-8.8,0,0.0
-8.79,0,0.0
-8.78,0,0.0
-8.77,0,0.0
-8.76,0,0.0
-8.75,0,0.0
-8.74,0,0.0
-8.73,0,0.0
-8.72,0,0.0
-8.71,0,0.0
-8.7,0,0.0
-8.69,0,0.0
-8.68,0,0.0
-8.67,0,0.0
-8.66,0,0.0
-8.65,0,0.0
-8.64,0,0.0
-8.63,0,0.0
-8.62,0,0.0
-8.61,0,0.0
-8.6,0,0.0
-8.59,0,0.0
-8.58,0,0.0
-8.57,0,0.0
-8.56,0,0.0
-8.55,0,0.0
-8.54,0,0.0
-8.53,0,0.0
-8.52,0,0.0
-8.51,0,0.0
-8.5,0,0.0
-8.49,0,0.0
-8.48,0,0.0
-8.47,0,0.0
-8.46,0,0.0
-8.45,0,0.0
-8.44,0,0.0
-8.43,0,0.0
-8.42,0,0.0
-8.41,0,0.0
-8.4,0,0.0
-8.39,0,0.0
-8.38,0,0.0
-8.37,0,0.0
-8.36,0,0.0
-8.35,0,0.0
-8.34,0,0.0
-8.33,0,0.0
-8.32,0,0.0
-8.31,0,0.0
-8.3,0,0.0
-8.29,0,0.0
-8.28,0,0.0
-8.27,0,0.0
-8.26,0,0.0
-8.25,0,0.0
-8.24,0,0.0
-8.23,0,0.0
-8.22,0,0.0
-8.21,0,0.0
-8.2,0,0.0
-8.19,0,0.0
-8.18,0,0.0
-8.17,0,0.0
-8.16,0,0.0
-8.15,0,0.0
-8.14,0,0.0
-8.13,0,0.0
-8.12,0,0.0
-8.11,0,0.0
-8.1,0,0.0
-8.09,0,0.0
-8.08,0,0.0
-8.07,0,0.0
-8.06,0,0.0
-8.05,0,0.0
-8.04,0,0.0
-8.03,0,0.0
-8.02,0,0.0
-8.01,0,0.0
-8.0,0,0.0
-7.99,0,0.0
-7.98,0,0.0
-7.97,0,0.0
-7.96,0,0.0
-7.95,0,0.0
-7.94,0,0.0
-7.93,0,0.0
-7.92,0,0.0
-7.91,0,0.0
-7.9,0,0.0
-7.89,0,0.0
-7.88,0,0.0
-7.87,0,0.0
-7.86,0,0.0
-7.85,0,0.0
-7.84,0,0.0
-7.83,0,0.0
-7.82,0,0.0
-7.81,0,0.0
-7.8,0,0.0
-7.79,0,0.0
-7.78,0,0.0
-7.77,0,0.0
-7.76,0,0.0
-7.75,0,0.0
-7.74,0,0.0
-7.73,0,0.0
-7.72,0,0.0
-7.71,0,0.0
-7.7,0,0.0
-7.69,0,0.0
-7.68,0,0.0
-7.67,0,0.0
-7.66,0,0.0
-7.65,0,0.0
-7.64,0,0.0
-7.63,0,0.0
-7.62,0,0.0
-7.61,0,0.0
-7.6,0,0.0
-7.59,0,0.0
-7.58,0,0.0
-7.57,0,0.0
-7.56,0,0.0
-7.55,0,0.0
-7.54,0,0.0
-7.53,0,0.0
-7.52,0,0.0
-7.51,0,0.0
-7.5,0,0.0
-7.49,0,0.0
-7.48,0,0.0
-7.47,0,0.0
-7.46,0,0.0
-7.45,0,0.0
-7.44,0,0.0
-7.43,0,0.0
-7.42,0,0.0
-7.41,0,0.0
-7.4,0,0.0
-7.39,0,0.0
-7.38,0,0.0
-7.37,0,0.0
-7.36,0,0.0
-7.35,0,0.0
-7.34,0,0.0
-7.33,0,0.0
-7.32,0,0.0
-7.31,0,0.0
-7.3,0,0.0
-7.29,0,0.0
-7.28,0,0.0
-7.27,0,0.0
-7.26,0,0.0
-7.25,0,0.0
-7.24,0,0.0
-7.23,0,0.0
-7.22,0,0.0
-7.21,0,0.0
-7.2,0,0.0
-7.19,0,0.0
-7.18,0,0.0
-7.17,0,0.0
-7.16,0,0.0
-7.15,0,0.0
-7.14,0,0.0
-7.13,0,0.0
-7.12,0,0.0
-7.11,0,0.0
-7.1,0,0.0
-7.09,0,0.0
-7.08,0,0.0
-7.07,0,0.0
-7.06,0,0.0
-7.05,0,0.0
-7.04,0,0.0
-7.03,0,0.0
-7.02,0,0.0
-7.01,0,0.0
-7.0,0,0.0
-6.99,0,0.0
-6.98,0,0.0
-6.97,0,0.0
-6.96,0,0.0
-6.95,0,0.0
-6.94,0,0.0
-6.93,0,0.0
-6.92,0,0.0
-6.91,0,0.0
-6.9,0,0.0
-6.89,0,0.0
-6.88,0,0.0
-6.87,0,0.0
-6.86,0,0.0
-6.85,0,0.0
-6.84,0,0.0
-6.83,0,0.0
-6.82,0,0.0
-6.81,0,0.0
-6.8,0,0.0
-6.79,0,0.0
-6.78,0,0.0
-6.77,0,0.0
-6.76,0,0.0
-6.75,0,0.0
-6.74,0,0.0
-6.73,0,0.0
-6.72,0,0.0
-6.71,0,0.0
-6.7,0,0.0
-6.69,0,0.0
-6.68,0,0.0
-6.67,0,0.0
-6.66,0,0.0
-6.65,0,0.0
-6.64,0,0.0
-6.63,0,0.0
-6.62,0,0.0
-6.61,0,0.0
-6.6,0,0.0
-6.59,0,0.0
-6.58,0,0.0
-6.57,0,0.0
-6.56,0,0.0
-6.55,0,0.0
-6.54,0,0.0
-6.53,0,0.0
-6.52,0,0.0
-6.51,0,0.0
-6.5,0,0.0
-6.49,0,0.0
-6.48,0,0.0
-6.47,0,0.0
-6.46,0,0.0
-6.45,0,0.0
-6.44,0,0.0
-6.43,0,0.0
-6.42,0,0.0
-6.41,0,0.0
-6.4,0,0.0
-6.39,0,0.0
-6.38,0,0.0
-6.37,0,0.0
-6.36,0,0.0
-6.35,0,0.0
-6.34,0,0.0
-6.33,0,0.0
-6.32,0,0.0
-6.31,0,0.0
-6.3,0,0.0
-6.29,0,0.0
-6.28,0,0.0
-6.27,0,0.0
-6.26,0,0.0
-6.25,0,0.0
-6.24,0,0.0
-6.23,0,0.0
-6.22,0,0.0
-6.21,0,0.0
-6.2,0,0.0
-6.19,0,0.0
-6.18,0,0.0
-6.17,0,0.0
-6.16,0,0.0
-6.15,0,0.0
-6.14,0,0.0
-6.13,0,0.0
-6.12,0,0.0
-6.11,0,0.0
-6.1,0,0.0
-6.09,0,0.0
-6.08,0,0.0
-6.07,0,0.0
-6.06,0,0.0
-6.05,0,0.0
-6.04,0,0.0
-6.03,0,0.0
-6.02,0,0.0
-6.01,0,0.0
-6.0,0,0.0
-5.99,0,0.0
-5.98,0,0.0
-5.97,0,0.0
-5.96,0,0.0
-5.95,0,0.0
-5.94,0,0.0
-5.93,0,0.0
-5.92,0,0.0
-5.91,0,0.0
-5.9,0,0.0
-5.89,0,0.0
-5.88,0,0.0
-5.87,0,0.0
-5.86,0,0.0
-5.85,0,0.0
-5.84,0,0.0
-5.83,0,0.0
-5.82,0,0.0
-5.81,0,0.0
-5.8,0,0.0
-5.79,0,0.0
-5.78,0,0.0
-5.77,0,0.0
-5.76,0,0.0
-5.75,0,0.0
-5.74,0,0.0
-5.73,0,0.0
-5.72,0,0.0
-5.71,0,0.0
-5.7,0,0.0
-5.69,0,0.0
-5.68,0,0.0
-5.67,0,0.0
-5.66,0,0.0
-5.65,0,0.0
-5.64,0,0.0
-5.63,0,0.0
-5.62,0,0.0
-5.61,0,0.0
-5.6,0,0.0
-5.59,0,0.0
-5.58,0,0.0
-5.57,0,0.0
-5.56,0,0.0
-5.55,0,0.0
-5.54,0,0.0
-5.53,0,0.0
-5.52,0,0.0
-5.51,0,0.0
-5.5,0,0.0
-5.49,0,0.0
-5.48,0,0.0
-5.47,0,0.0
-5.46,0,0.0
-5.45,0,0.0
-5.44,0,0.0
-5.43,0,0.0
-5.42,0,0.0
-5.41,0,0.0
-5.4,0,0.0
-5.39,0,0.0
-5.38,0,0.0
-5.37,0,0.0
-5.36,0,0.0
-5.35,0,0.0
-5.34,0,0.0
-5.33,0,0.0
-5.32,0,0.0
-5.31,0,0.0
-5.3,0,0.0
-5.29,0,0.0
-5.28,0,0.0
-5.27,0,0.0
-5.26,0,0.0
-5.25,0,0.0
-5.24,0,0.0
-5.23,0,0.0
-5.22,0,0.0
-5.21,0,0.0
-5.2,0,0.0
-5.19,0,0.0
-5.18,0,0.0
-5.17,0,0.0
-5.16,0,0.0
-5.15,0,0.0
-5.14,0,0.0
-5.13,0,0.0
-5.12,0,0.0
-5.11,0,0.0
-5.1,0,0.0
-5.09,0,0.0
-5.08,0,0.0
-5.07,0,0.0
-5.06,0,0.0
-5.05,0,0.0
-5.04,0,0.0
-5.03,0,0.0
-5.02,0,0.0
-5.01,0,0.0
-5.0,0,0.0
-4.99,0,0.0
-4.98,0,0.0
-4.97,0,0.0
-4.96,0,0.0
-4.95,0,0.0
-4.94,0,0.0
-4.93,0,0.0
-4.92,0,0.0
-4.91,0,0.0
-4.9,0,0.0
-4.89,0,0.0
-4.88,0,0.0
-4.87,0,0.0
-4.86,0,0.0
-4.85,0,0.0
-4.84,0,0.0
-4.83,0,0.0
-4.82,0,0.0
-4.81,0,0.0
-4.8,0,0.0
-4.79,0,0.0
-4.78,0,0.0
-4.77,0,0.0
-4.76,0,0.0
-4.75,0,0.0
-4.74,0,0.0
-4.73,0,0.0
-4.72,0,0.0
-4.71,0,0.0
-4.7,0,0.0
-4.69,0,0.0
-4.68,0,0.0
-4.67,0,0.0
-4.66,0,0.0
-4.65,0,0.0
-4.64,0,0.0
-4.63,0,0.0
-4.62,0,0.0
-4.61,0,0.0
-4.6,0,0.0
-4.59,0,0.0
-4.58,0,0.0
-4.57,0,0.0
-4.56,0,0.0
-4.55,0,0.0
-4.54,0,0.0
-4.53,0,0.0
-4.52,0,0.0
-4.51,0,0.0
-4.5,0,0.0
-4.49,0,0.0
-4.48,0,0.0
-4.47,0,0.0
-4.46,0,0.0
-4.45,0,0.0
-4.44,0,0.0
-4.43,0,0.0
-4.42,0,0.0
-4.41,0,0.0
-4.4,0,0.0
-4.39,0,0.0
-4.38,0,0.0
-4.37,0,0.0
-4.36,0,0.0
-4.35,0,0.0
-4.34,0,0.0
-4.33,0,0.0
-4.32,0,0.0
-4.31,0,0.0
-4.3,0,0.0
-4.29,0,0.0
-4.28,0,0.0
-4.27,0,0.0
-4.26,0,0.0
-4.25,0,0.0
-4.24,0,0.0
-4.23,0,0.0
-4.22,0,0.0
-4.21,0,0.0
-4.2,0,0.0
-4.19,0,0.0
-4.18,0,0.0
-4.17,0,0.0
-4.16,0,0.0
-4.15,0,0.0
-4.14,0,0.0
-4.13,0,0.0
-4.12,0,0.0
-4.11,0,0.0
-4.1,0,0.0
-4.09,0,0.0
-4.08,0,0.0
-4.07,0,0.0
-4.06,0,0.0
-4.05,0,0.0
-4.04,0,0.0
-4.03,0,0.0
-4.02,0,0.0
-4.01,0,0.0
-4.0,0,0.0
-3.99,0,0.0
-3.98,0,0.0
-3.97,0,0.0
-3.96,0,0.0
-3.95,0,0.0
-3.94,0,0.0
-3.93,0,0.0
-3.92,0,0.0
-3.91,0,0.0
-3.9,0,0.0
-3.89,0,0.0
-3.88,0,0.0
-3.87,0,0.0
-3.86,0,0.0
-3.85,0,0.0
-3.84,0,0.0
-3.83,0,0.0
-3.82,0,0.0
-3.81,0,0.0
-3.8,0,0.0
-3.79,0,0.0
-3.78,0,0.0
-3.77,0,0.0
-3.76,0,0.0
-3.75,0,0.0
-3.74,0,0.0
-3.73,0,0.0
-3.72,0,0.0
-3.71,0,0.0
-3.7,0,0.0
-3.69,0,0.0
-3.68,0,0.0
-3.67,0,0.0
-3.66,0,0.0
-3.65,0,0.0
-3.64,0,0.0
-3.63,0,0.0
-3.62,0,0.0
-3.61,0,0.0
-3.6,0,0.0
-3.59,0,0.0
-3.58,0,0.0
-3.57,0,0.0
-3.56,0,0.0
-3.55,0,0.0
-3.54,0,0.0
-3.53,0,0.0
-3.52,0,0.0
-3.51,0,0.0
-3.5,0,0.0
-3.49,0,0.0
-3.48,0,0.0
-3.47,0,0.0
-3.46,0,0.0
-3.45,0,0.0
-3.44,0,0.0
-3.43,0,0.0
-3.42,0,0.0
-3.41,0,0.0
-3.4,0,0.0
-3.39,0,0.0
-3.38,0,0.0
-3.37,0,0.0
-3.36,0,0.0
-3.35,0,0.0
-3.34,0,0.0
-3.33,0,0.0
-3.32,0,0.0
-3.31,0,0.0
-3.3,0,0.0
-3.29,0,0.0
-3.28,0,0.0
-3.27,0,0.0
-3.26,0,0.0
-3.25,0,0.0
-3.24,0,0.0
-3.23,0,0.0
-3.22,0,0.0
-3.21,0,0.0
-3.2,0,0.0
-3.19,0,0.0
-3.18,0,0.0
-3.17,0,0.0
-3.16,0,0.0
-3.15,0,0.0
-3.14,0,0.0
-3.13,0,0.0
-3.12,0,0.0
-3.11,0,0.0
-3.1,0,0.0
-3.09,0,0.0
-3.08,0,0.0
-3.07,0,0.0
-3.06,0,0.0
-3.05,0,0.0
-3.04,0,0.0
-3.03,0,0.0
-3.02,0,0.0
-3.01,0,0.0
-3.0,0,0.0
-2.99,0,0.0
-2.98,0,0.0
-2.97,0,0.0
-2.96,0,0.0
-2.95,0,0.0
-2.94,0,0.0
-2.93,0,0.0
-2.92,0,0.0
-2.91,0,0.0
-2.9,0,0.0
-2.89,0,0.0
-2.88,0,0.0
-2.87,0,0.0
-2.86,0,0.0
-2.85,0,0.0
-2.84,0,0.0
-2.83,0,0.0
-2.82,0,0.0
-2.81,0,0.0
-2.8,0,0.0
-2.79,0,0.0
-2.78,0,0.0
-2.77,0,0.0
-2.76,0,0.0
-2.75,0,0.0
-2.74,0,0.0
-2.73,0,0.0
-2.72,0,0.0
-2.71,0,0.0
-2.7,0,0.0
-2.69,0,0.0
-2.68,0,0.0
-2.67,0,0.0
-2.66,0,0.0
-2.65,0,0.0
-2.64,0,0.0
-2.63,0,0.0
-2.62,0,0.0
-2.61,0,0.0
-2.6,0,0.0
-2.59,0,0.0
-2.58,0,0.0
-2.57,0,0.0
-2.56,0,0.0
-2.55,0,0.0
-2.54,0,0.0
-2.53,0,0.0
-2.52,0,0.0
-2.51,0,0.0
-2.5,0,0.0
-2.49,0,0.0
-2.48,0,0.0
-2.47,0,0.0
-2.46,0,0.0
-2.45,0,0.0
-2.44,0,0.0
-2.43,0,0.0
-2.42,0,0.0
-2.41,0,0.0
-2.4,0,0.0
-2.39,0,0.0
-2.38,0,0.0
-2.37,0,0.0
-2.36,0,0.0
-2.35,0,0.0
-2.34,0,0.0
-2.33,0,0.0
-2.32,0,0.0
-2.31,0,0.0
-2.3,0,0.0
-2.29,0,0.0
-2.28,0,0.0
-2.27,0,0.0
-2.26,0,0.0
-2.25,0,0.0
-2.24,0,0.0
-2.23,0,0.0
-2.22,0,0.0
-2.21,0,0.0
-2.2,0,0.0
-2.19,0,0.0
-2.18,0,0.0
-2.17,0,0.0
-2.16,0,0.0
-2.15,0,0.0
-2.14,0,0.0
-2.13,0,0.0
-2.12,0,0.0
-2.11,0,0.0
-2.1,0,0.0
-2.09,0,0.0
-2.08,0,0.0
-2.07,0,0.0
-2.06,0,0.0
-2.05,0,0.0
-2.04,0,0.0
-2.03,0,0.0
-2.02,0,0.0
-2.01,0,0.0
-2.0,0,0.0
-1.99,0,0.0
-1.98,0,0.0
-1.97,0,0.0
-1.96,0,0.0
-1.95,0,0.0
-1.94,0,0.0
-1.93,0,0.0
-1.92,0,0.0
-1.91,0,0.0
-1.9,0,0.0
-1.89,0,0.0
-1.88,0,0.0
-1.87,0,0.0
-1.86,0,0.0
-1.85,0,0.0
-1.84,0,0.0
-1.83,0,0.0
-1.82,0,0.0
-1.81,0,0.0
-1.8,0,0.0
-1.79,0,0.0
-1.78,0,0.0
-1.77,0,0.0
-1.76,0,0.0
-1.75,0,0.0
-1.74,0,0.0
-1.73,0,0.0
-1.72,0,0.0
-1.71,0,0.0
-1.7,0,0.0
-1.69,0,0.0
-1.68,0,0.0
-1.67,0,0.0
-1.66,0,0.0
-1.65,0,0.0
-1.64,0,0.0
-1.63,0,0.0
-1.62,0,0.0
-1.61,0,0.0
-1.6,0,0.0
-1.59,0,0.0
-1.58,0,0.0
-1.57,0,0.0
-1.56,0,0.0
-1.55,0,0.0
-1.54,0,0.0
-1.53,0,0.0
-1.52,0,0.0
-1.51,0,0.0
-1.5,0,0.0
-1.49,0,0.0
-1.48,0,0.0
-1.47,0,0.0
-1.46,0,0.0
-1.45,0,0.0
-1.44,0,0.0
-1.43,0,0.0
-1.42,0,0.0
-1.41,0,0.0
-1.4,0,0.0
-1.39,0,0.0
-1.38,0,0.0
-1.37,0,0.0
-1.36,0,0.0
-1.35,0,0.0
-1.34,0,0.0
-1.33,0,0.0
-1.32,0,0.0
-1.31,0,0.0
-1.3,0,0.0
-1.29,0,0.0
-1.28,0,0.0
-1.27,0,0.0
-1.26,0,0.0
-1.25,0,0.0
-1.24,0,0.0
-1.23,0,0.0
-1.22,0,0.0
-1.21,0,0.0
-1.2,0,0.0
-1.19,0,0.0
-1.18,0,0.0
-1.17,0,0.0
-1.16,0,0.0
-1.15,0,0.0
-1.14,0,0.0
-1.13,0,0.0
-1.12,0,0.0
-1.11,0,0.0
-1.1,0,0.0
-1.09,0,0.0
-1.08,0,0.0
-1.07,0,0.0
-1.06,0,0.0
-1.05,0,0.0
-1.04,0,0.0
-1.03,0,0.0
-1.02,0,0.0
-1.01,0,0.0
-1.0,0,0.0
-0.99,0,0.0
-0.98,0,0.0
-0.97,0,0.0
-0.96,0,0.0
-0.95,0,0.0
-0.94,0,0.0
-0.93,0,0.0
-0.92,0,0.0
-0.91,0,0.0
-0.9,0,0.0
-0.89,0,0.0
-0.88,0,0.0
-0.87,0,0.0
-0.86,0,0.0
-0.85,0,0.0
-0.84,0,0.0
-0.83,0,0.0
-0.82,0,0.0
-0.81,0,0.0
-0.8,0,0.0
-0.79,0,0.0
-0.78,0,0.0
-0.77,0,0.0
-0.76,0,0.0
-0.75,0,0.0
-0.74,0,0.0
-0.73,0,0.0
-0.72,0,0.0
-0.71,0,0.0
-0.7,0,0.0
-0.69,0,0.0
-0.68,0,0.0
-0.67,0,0.0
-0.66,0,0.0
-0.65,0,0.0
-0.64,0,0.0
-0.63,0,0.0
-0.62,0,0.0
-0.61,0,0.0
-0.6,0,0.0
-0.59,0,0.0
-0.58,0,0.0
-0.57,0,0.0
-0.56,0,0.0
-0.55,0,0.0
-0.54,0,0.0
-0.53,0,0.0
-0.52,0,0.0
-0.51,0,0.0
-0.5,0,0.0
-0.49,0,0.0
-0.48,0,0.0
-0.47,0,0.0
-0.46,0,0.0
-0.45,0,0.0
-0.44,0,0.0
-0.43,0,0.0
-0.42,0,0.0
-0.41,0,0.0
-0.4,0,0.0
-0.39,0,0.0
-0.38,0,0.0
-0.37,0,0.0
-0.36,0,0.0
-0.35,0,0.0
-0.34,0,0.0
-0.33,0,0.0
-0.32,0,0.0
-0.31,0,0.0
-0.3,0,0.0
-0.29,0,0.0
-0.28,0,0.0
-0.27,0,0.0
-0.26,0,0.0
-0.25,0,0.0
-0.24,0,0.0
-0.23,0,0.0
-0.22,0,0.0
-0.21,0,0.0
-0.2,0,0.0
-0.19,0,0.0
-0.18,0,0.0
-0.17,0,0.0
-0.16,0,0.0
-0.15,0,0.0
-0.14,0,0.0
-0.13,0,0.0
-0.12,0,0.0
-0.11,0,0.0
-0.1,0,0.0
-0.09,0,0.0
-0.08,0,0.0
-0.07,0,0.0
-0.06,0,0.0
-0.05,0,0.0
-0.04,0,0.0
-0.03,0,0.0
-0.02,0,0.20018435072920202
-0.01,0,0.3365820425912924
0.0,1,0.9029076385338183
0.01,0,0.9302519951126865
0.02,0,0.4230020396664592
0.03,0,0.2115010198332296
0.04,0,0.1057505099166148
0.05,0,0.0528752549583074
0.06,0,0.0264376274791537
0.07,0,0.01321881373957685
0.08,0,0.006609406869788425
0.09,0,0.0033047034348942126
0.1,0,0.0016523517174471063
0.11,0,0.0008261758587235532
0.12,0,0.0004130879293617766
0.13,0,0.0002065439646808883
0.14,0,0.00010327198234044414
0.15,0,5.163599117022207e-05
0.16,0,0.2002101687247871
0.17,0,0.3365949515890849
0.18,1,0.9029140930327145
0.19,0,0.9302552223621346
0.2,0,0.4230036532911833
0.21,0,0.21150182664559164
0.22,0,0.10575091332279582
0.23,0,0.05287545666139791
0.24,0,0.026437728330698955
0.25,0,0.013218864165349477
0.26,0,0.006609432082674739
0.27,0,0.0033047160413373694
0.28,0,0.0016523580206686847
0.29,0,0.0008261790103343423
0.3,0,0.00041308950516717117
0.31,0,0.00020654475258358559
0.32,0,0.00010327237629179279
0.33,0,5.1636188145896396e-05
0.34,0,2.5818094072948198e-05
0.35,0,0.20019725977623848
0.36,0,0.3365884971148106
0.37,1,0.9029108657955773
0.38,0,0.930253608743566
0.39,0,0.423002846481899
0.4,0,0.2115014232409495
0.41,0,0.10575071162047475
0.42,0,0.052875355810237376
0.43,0,0.026437677905118688
0.44,0,0.013218838952559344
0.45,0,0.006609419476279672
0.46,0,0.003304709738139836
0.47,0,0.001652354869069918
0.48,0,0.000826177434534959
0.49,0,0.0004130887172674795
0.5,0,0.00020654435863373975
0.51,0,0.00010327217931686988
0.52,0,5.163608965843494e-05
0.53,0,2.581804482921747e-05
0.54,0,1.2909022414608734e-05
0.55,0,6.454511207304367e-06
0.56,0,3.2272556036521836e-06
0.57,0,1.6136278018260918e-06
0.58,0,8.068139009130459e-07
0.59,0,4.0340695045652295e-07
0.6,0,2.0170347522826147e-07
0.61,0,1.0085173761413074e-07
0.62,0,5.042586880706537e-08
0.63,0,2.5212934403532684e-08
0.64,0,1.2606467201766342e-08
0.65,0,6.303233600883171e-09
0.66,0,3.1516168004415855e-09
0.67,0,1.5758084002207928e-09
0.68,0,7.879042001103964e-10
0.69,0,0.2001843511231541
0.7,0,0.3365820427882684
0.71,1,0.9029076386323063
0.72,0,0.9302519951619306
0.73,0,0.42300203969108124
0.74,0,0.21150101984554062
0.75,0,0.10575050992277031
0.76,0,0.052875254961385156
0.77,0,0.026437627480692578
0.78,0,0.013218813740346289
0.79,0,0.0066094068701731444
0.8,0,0.0033047034350865722
0.81,0,0.0016523517175432861
0.82,0,0.0008261758587716431
0.83,0,0.00041308792938582153
0.84,0,0.00020654396469291076
0.85,0,0.00010327198234645538
0.86,0,5.163599117322769e-05
0.87,0,2.5817995586613845e-05
0.88,0,0.2001972597269953
0.89,0,0.336588497090189
0.9,1,0.9029108657832665
0.91,0,0.9302536087374107
0.92,0,0.42300284647882136
0.93,0,0.21150142323941068
0.94,0,0.10575071161970534
0.95,0,0.05287535580985267
0.96,0,0.026437677904926335
0.97,0,0.013218838952463167
0.98,0,0.006609419476231584
0.99,0,0.003304709738115792
1.0,0,0.001652354869057896
1.01,0,0.000826177434528948
1.02,0,0.000413088717264474
1.03,0,0.000206544358632237
1.04,0,0.0001032721793161185
1.05,0,5.163608965805925e-05
1.06,0,2.5818044829029624e-05
1.07,0,1.2909022414514812e-05
1.08,0,6.454511207257406e-06
1.09,0,3.227255603628703e-06
1.1,0,1.6136278018143515e-06
1.11,0,8.068139009071757e-07
1.12,0,4.034069504535879e-07
1.13,0,2.0170347522679394e-07
1.14,0,1.0085173761339697e-07
1.15,0,5.0425868806698484e-08
1.16,0,2.5212934403349242e-08
1.17,0,1.2606467201674621e-08
1.18,0,6.3032336008373105e-09
1.19,0,0.20018435388081882
1.2,0,0.33658204416710075
1.21,1,0.9029076393217225
1.22,0,0.9302519955066386
1.23,0,0.4230020398634353
1.24,0,0.21150101993171766
1.25,0,0.10575050996585883
1.26,0,0.052875254982929415
1.27,0,0.026437627491464707
1.28,0,0.013218813745732354
1.29,0,0.006609406872866177
1.3,0,0.0033047034364330884
1.31,0,0.0016523517182165442
1.32,0,0.0008261758591082721
1.33,0,0.00041308792955413605
1.34,0,0.00020654396477706803
1.35,0,0.00010327198238853401
1.36,0,5.163599119426701e-05
1.37,0,2.5817995597133503e-05
1.38,0,1.2908997798566752e-05
1.39,0,6.454498899283376e-06
1.4,0,3.227249449641688e-06
1.41,0,1.613624724820844e-06
1.42,0,8.06812362410422e-07
1.43,0,4.03406181205211e-07
1.44,0,2.017030906026055e-07
1.45,0,1.0085154530130275e-07
1.46,0,5.0425772650651374e-08
1.47,0,2.5212886325325687e-08
1.48,0,1.2606443162662843e-08
1.49,0,6.303221581331422e-09
1.5,0,0.2001843538808128
1.51,0,0.33658204416709775
1.52,1,0.9029076393217209
1.53,0,0.9302519955066378
1.54,0,0.4230020398634349
1.55,0,0.21150101993171744
1.56,0,0.10575050996585872
1.57,0,0.05287525498292936
1.58,0,0.02643762749146468
1.59,0,0.01321881374573234
1.6,0,0.00660940687286617
1.61,0,0.003304703436433085
1.62,0,0.0016523517182165425
1.63,0,0.0008261758591082712
1.64,0,0.0004130879295541356
1.65,0,0.0002065439647770678
1.66,0,0.0001032719823885339
1.67,0,5.163599119426695e-05
1.68,0,0.20021016872479916
1.69,0,0.3365949515890909
1.7,1,0.9029140930327175
1.71,0,0.9302552223621361
1.72,0,0.42300365329118406
1.73,0,0.21150182664559203
1.74,0,0.10575091332279601
1.75,0,0.05287545666139801
1.76,0,0.026437728330699004
1.77,0,0.013218864165349502
1.78,0,0.006609432082674751
1.79,0,0.0033047160413373754
1.8,0,0.0016523580206686877
1.81,0,0.0008261790103343439
1.82,0,0.00041308950516717193
1.83,0,0.00020654475258358597
1.84,0,0.00010327237629179298
1.85,0,5.163618814589649e-05
1.86,0,2.5818094072948246e-05
1.87,0,1.2909047036474123e-05
1.88,0,6.454523518237061e-06
1.89,0,3.2272617591185307e-06
1.9,0,1.6136308795592654e-06
1.91,0,8.068154397796327e-07
1.92,0,4.0340771988981634e-07
1.93,0,2.0170385994490817e-07
1.94,0,1.0085192997245408e-07
1.95,0,5.042596498622704e-08
1.96,0,2.521298249311352e-08
1.97,0,0.20018436333569326
1.98,0,0.33658204889453797
1.99,1,0.902907641685441
2.0,0,0.9302519966884979
2.01,0,0.42300204045436496
2.02,0,0.21150102022718248
2.03,0,0.10575051011359124
2.04,0,0.05287525505679562
2.05,0,0.02643762752839781
2.06,0,0.013218813764198905
2.07,0,0.0066094068820994525
2.08,0,0.0033047034410497262
2.09,0,0.0016523517205248631
2.1,0,0.0008261758602624316
2.11,0,0.0004130879301312158
2.12,0,0.0002065439650656079
2.13,0,0.00010327198253280394
2.14,0,5.163599126640197e-05
2.15,0,2.5817995633200986e-05
2.16,0,1.2908997816600493e-05
2.17,0,6.4544989083002466e-06
2.18,0,3.2272494541501233e-06
2.19,0,0.2001859643539291
2.2,0,0.3365828494036559
2.21,1,0.90290804194
2.22,0,0.9302521968157774
2.23,0,0.42300214051800467
2.24,0,0.21150107025900233
2.25,0,0.10575053512950117
2.26,0,0.05287526756475058
2.27,0,0.02643763378237529
2.28,0,0.013218816891187646
2.29,0,0.006609408445593823
2.3,0,0.0033047042227969115
2.31,0,0.0016523521113984557
2.32,0,0.0008261760556992279
2.33,0,0.00041308802784961393
2.34,0,0.00020654401392480697
2.35,0,0.00010327200696240348
2.36,0,5.163600348120174e-05
2.37,0,2.581800174060087e-05
2.38,0,0.20019725973007232
2.39,0,0.3365884970917275
2.4,1,0.9029108657840358
2.41,0,0.9302536087377953
2.42,0,0.42300284647901365
2.43,0,0.21150142323950682
2.44,0,0.10575071161975341
2.45,0,0.052875355809876706
2.46,0,0.026437677904938353
2.47,0,0.013218838952469177
2.48,0,0.006609419476234588
2.49,0,0.003304709738117294
2.5,0,0.001652354869058647
2.51,0,0.0008261774345293235
2.52,0,0.00041308871726466177
2.53,0,0.00020654435863233088
2.54,0,0.00010327217931616544
2.55,0,5.163608965808272e-05
2.56,0,2.581804482904136e-05
2.57,0,1.290902241452068e-05
2.58,0,6.45451120726034e-06
2.59,0,3.22725560363017e-06
2.6,0,1.613627801815085e-06
2.61,0,8.068139009075425e-07
2.62,0,4.0340695045377126e-07
2.63,0,2.0170347522688563e-07
2.64,0,1.0085173761344281e-07
2.65,0,5.042586880672141e-08
2.66,0,2.5212934403360704e-08
2.67,0,0.20018436333566922
2.68,0,0.336582048894526
2.69,1,0.902907641685435
2.7,0,0.9302519966884949
2.71,0,0.4230020404543634
2.72,0,0.2115010202271817
2.73,0,0.10575051011359085
2.74,0,0.052875255056795425
2.75,0,0.026437627528397713
2.76,0,0.013218813764198856
2.77,0,0.006609406882099428
2.78,0,0.003304703441049714
2.79,0,0.001652351720524857
2.8,0,0.0008261758602624285
2.81,0,0.00041308793013121426
2.82,0,0.00020654396506560713
2.83,0,0.00010327198253280357
2.84,0,5.163599126640178e-05
2.85,0,2.581799563320089e-05
2.86,0,1.2908997816600446e-05
2.87,0,0.2001908052281103
2.88,0,0.3365852698407465
2.89,1,0.9029092521585453
2.9,0,0.93025280192505
2.91,0,0.423002443072641
2.92,0,0.2115012215363205
2.93,0,0.10575061076816025
2.94,0,0.052875305384080126
2.95,0,0.026437652692040063
2.96,0,0.013218826346020032
2.97,0,0.006609413173010016
2.98,0,0.003304706586505008
2.99,0,0.001652353293252504
3.0,0,0.000826176646626252
3.01,0,0.000413088323313126
3.02,0,0.000206544161656563
3.03,0,0.0001032720808282815
3.04,0,5.163604041414075e-05
3.05,0,2.5818020207070374e-05
3.06,0,1.2909010103535187e-05
3.07,0,6.4545050517675935e-06
3.08,0,3.2272525258837968e-06
3.09,0,1.6136262629418984e-06
3.1,0,8.068131314709492e-07
3.11,0,4.034065657354746e-07
3.12,0,2.017032828677373e-07
3.13,0,1.0085164143386865e-07
3.14,0,5.0425820716934325e-08
3.15,0,0.20018437594211239
3.16,0,0.33658205519774753
3.17,1,0.9029076448370459
3.18,0,0.9302519982643003
3.19,0,0.42300204124226615
3.2,0,0.21150102062113307
3.21,0,0.10575051031056654
3.22,0,0.05287525515528327
3.23,0,0.026437627577641634
3.24,0,0.013218813788820817
3.25,0,0.0066094068944104085
3.26,0,0.0033047034472052043
3.27,0,0.0016523517236026021
3.28,0,0.0008261758618013011
3.29,0,0.00041308793090065053
3.3,0,0.00020654396545032527
3.31,0,0.00010327198272516263
3.32,0,5.163599136258132e-05
3.33,0,2.581799568129066e-05
3.34,0,1.290899784064533e-05
3.35,0,6.454498920322665e-06
3.36,0,3.2272494601613323e-06
3.37,0,1.6136247300806661e-06
3.38,0,8.068123650403331e-07
3.39,0,4.0340618252016654e-07
3.4,0,2.0170309126008327e-07
3.41,0,1.0085154563004163e-07
3.42,0,5.042577281502082e-08
3.43,0,2.521288640751041e-08
3.44,0,1.2606443203755204e-08
3.45,0,6.303221601877602e-09
3.46,0,3.151610800938801e-09
3.47,0,1.5758054004694005e-09
3.48,0,7.879027002347003e-10
3.49,0,0.20018435112315336
3.5,0,0.33658204278826803
3.51,1,0.902907638632306
3.52,0,0.9302519951619304
3.53,0,0.4230020396910812
3.54,0,0.2115010198455406
3.55,0,0.1057505099227703
3.56,0,0.05287525496138515
3.57,0,0.026437627480692574
3.58,0,0.013218813740346287
3.59,0,0.006609406870173144
3.6,0,0.003304703435086572
3.61,0,0.001652351717543286
3.62,0,0.000826175858771643
3.63,0,0.0004130879293858215
3.64,0,0.00020654396469291074
3.65,0,0.00010327198234645537
3.66,0,0.20023598672037524
3.67,0,0.33660786058687897
3.68,1,0.9029205475316116
3.69,0,0.9302584496115831
3.7,0,0.42300526691590756
3.71,0,0.21150263345795378
3.72,0,0.10575131672897689
3.73,0,0.052875658364488445
3.74,0,0.026437829182244223
3.75,0,0.013218914591122111
3.76,0,0.006609457295561056
3.77,0,0.003304728647780528
3.78,0,0.001652364323890264
3.79,0,0.000826182161945132
3.8,0,0.000413091080972566
3.81,0,0.000206545540486283
3.82,0,0.0001032727702431415
3.83,0,5.163638512157075e-05
3.84,0,2.5818192560785374e-05
3.85,0,1.2909096280392687e-05
3.86,0,6.4545481401963434e-06
3.87,0,3.2272740700981717e-06
3.88,0,1.6136370350490859e-06
3.89,0,8.068185175245429e-07
3.9,0,4.0340925876227146e-07
3.91,0,2.0170462938113573e-07
3.92,0,1.0085231469056787e-07
3.93,0,5.042615734528393e-08
3.94,0,2.5213078672641967e-08
3.95,0,1.2606539336320983e-08
3.96,0,0.20018435703247167
3.97,0,0.33658204574292716
3.98,1,0.9029076401096356
3.99,0,0.9302519959005953
4.0,0,0.4230020400604136
4.01,0,0.2115010200302068
4.02,0,0.1057505100151034
4.03,0,0.0528752550075517
4.04,0,0.02643762750377585
4.05,0,0.013218813751887925
4.06,0,0.006609406875943962
4.07,0,0.003304703437971981
4.08,0,0.0016523517189859906
4.09,0,0.0008261758594929953
4.1,0,0.00041308792974649764
4.11,0,0.00020654396487324882
4.12,0,0.00010327198243662441
4.13,0,5.1635991218312205e-05
4.14,0,2.5817995609156103e-05
4.15,0,1.2908997804578051e-05
4.16,0,6.454498902289026e-06
4.17,0,3.227249451144513e-06
4.18,0,0.20018596435392758
4.19,0,0.3365828494036551
4.2,1,0.9029080419399996
4.21,0,0.9302521968157772
4.22,0,0.42300214051800455
4.23,0,0.21150107025900228
4.24,0,0.10575053512950114
4.25,0,0.05287526756475057
4.26,0,0.026437633782375285
4.27,0,0.013218816891187642
4.28,0,0.006609408445593821
4.29,0,0.0033047042227969106
4.3,0,0.0016523521113984553
4.31,0,0.0008261760556992276
4.32,0,0.0004130880278496138
4.33,0,0.0002065440139248069
4.34,0,0.00010327200696240346
4.35,0,5.163600348120173e-05
4.36,0,0.2002101687309426
4.37,0,0.3365949515921627
4.38,1,0.9029140930342534
4.39,0,0.9302552223629041
4.4,0,0.423003653291568
4.41,0,0.211501826645784
4.42,0,0.105750913322892
4.43,0,0.052875456661446
4.44,0,0.026437728330723
4.45,0,0.0132188641653615
4.46,0,0.00660943208268075
4.47,0,0.003304716041340375
4.48,0,0.0016523580206701876
4.49,0,0.0008261790103350938
4.5,0,0.0004130895051675469
4.51,0,0.00020654475258377345
4.52,0,0.00010327237629188673
4.53,0,5.163618814594336e-05
4.54,0,2.581809407297168e-05
4.55,0,1.290904703648584e-05
4.56,0,6.45452351824292e-06
4.57,0,3.22726175912146e-06
4.58,0,1.61363087956073e-06
4.59,0,8.06815439780365e-07
4.6,0,4.034077198901825e-07
4.61,0,2.0170385994509126e-07
4.62,0,1.0085192997254563e-07
4.63,0,5.0425964986272815e-08
4.64,0,2.5212982493136408e-08
4.65,0,1.2606491246568204e-08
4.66,0,6.303245623284102e-09
4.67,0,3.151622811642051e-09
4.68,0,1.5758114058210255e-09
4.69,0,7.879057029105127e-10
4.7,0,3.9395285145525637e-10
4.71,0,1.9697642572762818e-10
4.72,0,9.848821286381409e-11
4.73,0,4.9244106431907046e-11
4.74,0,2.4622053215953523e-11
4.75,0,1.2311026607976761e-11
4.76,0,6.155513303988381e-12
4.77,0,3.0777566519941904e-12
4.78,0,1.5388783259970952e-12
4.79,0,7.694391629985476e-13
4.8,0,3.847195814992738e-13
4.81,0,1.923597907496369e-13
4.82,0,9.617989537481845e-14
4.83,0,4.8089947687409225e-14
4.84,0,2.4044973843704612e-14
4.85,0,1.2022486921852306e-14
4.86,0,6.011243460926153e-15
4.87,0,3.0056217304630765e-15
4.88,0,1.5028108652315383e-15
4.89,0,7.514054326157691e-16
4.9,0,3.7570271630788457e-16
4.91,0,1.8785135815394228e-16
4.92,0,9.392567907697114e-17
4.93,0,4.696283953848557e-17
4.94,0,2.3481419769242785e-17
4.95,0,1.1740709884621393e-17
4.96,0,5.870354942310696e-18
4.97,0,2.935177471155348e-18
4.98,0,1.467588735577674e-18
4.99,0,7.33794367788837e-19
5.0,0,3.668971838944185e-19
5.01,0,1.8344859194720926e-19
5.02,0,9.172429597360463e-20
5.03,0,4.5862147986802315e-20
5.04,0,2.2931073993401158e-20
5.05,0,1.1465536996700579e-20
5.06,0,5.7327684983502894e-21
5.07,0,2.8663842491751447e-21
5.08,0,1.4331921245875724e-21
5.09,0,7.165960622937862e-22
5.1,0,3.582980311468931e-22
5.11,0,1.7914901557344654e-22
5.12,0,8.957450778672327e-23
5.13,0,4.4787253893361636e-23
5.14,0,2.2393626946680818e-23
5.15,0,1.1196813473340409e-23
5.16,0,5.5984067366702045e-24
5.17,0,2.7992033683351023e-24
5.18,0,1.3996016841675511e-24
5.19,0,6.998008420837756e-25
5.2,0,3.499004210418878e-25
5.21,0,1.749502105209439e-25
5.22,0,8.747510526047195e-26
5.23,0,4.373755263023597e-26
5.24,0,2.1868776315117986e-26
5.25,0,1.0934388157558993e-26
5.26,0,5.4671940787794966e-27
5.27,0,2.7335970393897483e-27
5.28,0,1.3667985196948741e-27
5.29,0,6.833992598474371e-28
5.3,0,3.4169962992371854e-28
5.31,0,1.7084981496185927e-28
5.32,0,8.542490748092963e-29
5.33,0,4.2712453740464817e-29
5.34,0,2.1356226870232409e-29
5.35,0,1.0678113435116204e-29
5.36,0,5.339056717558102e-30
5.37,0,2.669528358779051e-30
5.38,0,1.3347641793895255e-30
5.39,0,6.673820896947628e-31
5.4,0,3.336910448473814e-31
5.41,0,1.668455224236907e-31
5.42,0,8.342276121184535e-32
5.43,0,4.1711380605922673e-32
5.44,0,2.0855690302961336e-32
5.45,0,1.0427845151480668e-32
5.46,0,5.213922575740334e-33
5.47,0,2.606961287870167e-33
5.48,0,1.3034806439350835e-33
5.49,0,6.517403219675418e-34
5.5,0,3.258701609837709e-34
5.51,0,1.6293508049188544e-34
5.52,0,8.146754024594272e-35
5.53,0,4.073377012297136e-35
5.54,0,2.036688506148568e-35
5.55,0,1.018344253074284e-35
5.56,0,5.09172126537142e-36
5.57,0,2.54586063268571e-36
5.58,0,1.272930316342855e-36
5.59,0,6.364651581714275e-37
5.6,0,3.1823257908571375e-37
5.61,0,1.5911628954285688e-37
5.62,0,7.955814477142844e-38
5.63,0,3.977907238571422e-38
5.64,0,1.988953619285711e-38
5.65,0,9.944768096428555e-39
5.66,0,4.9723840482142774e-39
5.67,0,2.4861920241071387e-39
5.68,0,1.2430960120535693e-39
5.69,0,6.215480060267847e-40
5.7,0,3.1077400301339234e-40
5.71,0,1.5538700150669617e-40
5.72,0,7.769350075334808e-41
5.73,0,3.884675037667404e-41
5.74,0,1.942337518833702e-41
5.75,0,9.71168759416851e-42
5.76,0,4.855843797084255e-42
5.77,0,2.4279218985421276e-42
5.78,0,1.2139609492710638e-42
5.79,0,6.069804746355319e-43
5.8,0,3.0349023731776595e-43
5.81,0,1.5174511865888298e-43
5.82,0,7.587255932944149e-44
5.83,0,3.7936279664720744e-44
5.84,0,1.8968139832360372e-44
5.85,0,9.484069916180186e-45
5.86,0,4.742034958090093e-45
5.87,0,2.3710174790450465e-45
5.88,0,1.1855087395225233e-45
5.89,0,5.927543697612616e-46
5.9,0,2.963771848806308e-46
5.91,0,1.481885924403154e-46
5.92,0,7.40942962201577e-47
5.93,0,3.704714811007885e-47
5.94,0,1.8523574055039426e-47
5.95,0,9.261787027519713e-48
5.96,0,4.6308935137598565e-48
5.97,0,2.3154467568799282e-48
5.98,0,1.1577233784399641e-48
5.99,0,5.7886168921998206e-49
6.0,0,2.8943084460999103e-49
6.01,0,1.4471542230499551e-49
6.02,0,7.235771115249776e-50
6.03,0,3.617885557624888e-50
6.04,0,1.808942778812444e-50
6.05,0,9.04471389406222e-51
6.06,0,4.52235694703111e-51
6.07,0,2.261178473515555e-51
6.08,0,1.1305892367577775e-51
6.09,0,5.652946183788887e-52
6.1,0,2.8264730918944436e-52
6.11,0,1.4132365459472218e-52
6.12,0,7.066182729736109e-53
6.13,0,3.5330913648680546e-53
6.14,0,1.7665456824340273e-53
6.15,0,8.832728412170136e-54
6.16,0,4.416364206085068e-54
6.17,0,2.208182103042534e-54
6.18,0,1.104091051521267e-54
6.19,0,5.520455257606335e-55
6.2,0,2.7602276288031676e-55
6.21,0,1.3801138144015838e-55
6.22,0,6.900569072007919e-56
6.23,0,3.4502845360039595e-56
6.24,0,1.7251422680019798e-56
6.25,0,8.625711340009899e-57
6.26,0,4.3128556700049494e-57
6.27,0,2.1564278350024747e-57
6.28,0,1.0782139175012374e-57
6.29,0,5.391069587506187e-58
6.3,0,2.6955347937530934e-58
6.31,0,1.3477673968765467e-58
6.32,0,6.7388369843827335e-59
6.33,0,3.3694184921913667e-59
6.34,0,1.6847092460956834e-59
6.35,0,8.423546230478417e-60
6.36,0,4.2117731152392084e-60
6.37,0,2.1058865576196042e-60
6.38,0,1.0529432788098021e-60
6.39,0,5.2647163940490105e-61
6.4,0,2.6323581970245053e-61
6.41,0,1.3161790985122526e-61
6.42,0,6.580895492561263e-62
6.43,0,3.2904477462806316e-62
6.44,0,1.6452238731403158e-62
6.45,0,8.226119365701579e-63
6.46,0,4.1130596828507895e-63
6.47,0,2.0565298414253947e-63
6.48,0,1.0282649207126974e-63
6.49,0,5.141324603563487e-64
6.5,0,2.5706623017817434e-64
6.51,0,1.2853311508908717e-64
6.52,0,6.4266557544543585e-65
6.53,0,3.2133278772271793e-65
6.54,0,1.6066639386135896e-65
6.55,0,8.033319693067948e-66
6.56,0,4.016659846533974e-66
6.57,0,2.008329923266987e-66
6.58,0,1.0041649616334935e-66
6.59,0,5.0208248081674676e-67
6.6,0,2.5104124040837338e-67
6.61,0,1.2552062020418669e-67
6.62,0,6.2760310102093345e-68
6.63,0,3.1380155051046673e-68
6.64,0,1.5690077525523336e-68
6.65,0,7.845038762761668e-69
6.66,0,3.922519381380834e-69
6.67,0,1.961259690690417e-69
6.68,0,9.806298453452085e-70
6.69,0,4.9031492267260426e-70
6.7,0,2.4515746133630213e-70
6.71,0,1.2257873066815106e-70
6.72,0,6.128936533407553e-71
6.73,0,3.0644682667037766e-71
6.74,0,1.5322341333518883e-71
6.75,0,7.661170666759442e-72
6.76,0,3.830585333379721e-72
6.77,0,1.9152926666898604e-72
6.78,0,9.576463333449302e-73
6.79,0,4.788231666724651e-73
6.8,0,2.3941158333623255e-73
6.81,0,1.1970579166811627e-73
6.82,0,5.985289583405814e-74
6.83,0,2.992644791702907e-74
6.84,0,1.4963223958514534e-74
6.85,0,7.481611979257267e-75
6.86,0,3.7408059896286336e-75
6.87,0,1.8704029948143168e-75
6.88,0,9.352014974071584e-76
6.89,0,4.676007487035792e-76
6.9,0,2.338003743517896e-76
6.91,0,1.169001871758948e-76
6.92,0,5.84500935879474e-77
6.93,0,2.92250467939737e-77
6.94,0,1.461252339698685e-77
6.95,0,7.306261698493425e-78
6.96,0,3.6531308492467125e-78
6.97,0,1.8265654246233562e-78
6.98,0,9.132827123116781e-79
6.99,0,4.5664135615583906e-79
7.0,0,2.2832067807791953e-79
7.01,0,1.1416033903895976e-79
7.02,0,5.708016951947988e-80
7.03,0,2.854008475973994e-80
7.04,0,1.427004237986997e-80
7.05,0,7.135021189934985e-81
7.06,0,3.5675105949674926e-81
7.07,0,1.7837552974837463e-81
7.08,0,8.918776487418732e-82
7.09,0,4.459388243709366e-82
7.1,0,2.229694121854683e-82
7.11,0,1.1148470609273414e-82
7.12,0,5.574235304636707e-83
7.13,0,2.7871176523183536e-83
7.14,0,1.3935588261591768e-83
7.15,0,6.967794130795884e-84
7.16,0,3.483897065397942e-84
7.17,0,1.741948532698971e-84
7.18,0,8.709742663494855e-85
7.19,0,4.3548713317474275e-85
7.2,0,2.1774356658737138e-85
7.21,0,1.0887178329368569e-85
7.22,0,5.4435891646842844e-86
7.23,0,2.7217945823421422e-86
7.24,0,1.3608972911710711e-86
7.25,0,6.8044864558553555e-87
7.26,0,3.4022432279276778e-87
7.27,0,1.7011216139638389e-87
7.28,0,8.505608069819194e-88
7.29,0,4.252804034909597e-88
7.3,0,2.1264020174547986e-88
7.31,0,1.0632010087273993e-88
7.32,0,5.3160050436369965e-89
7.33,0,2.6580025218184983e-89
7.34,0,1.3290012609092491e-89
7.35,0,6.645006304546246e-90
7.36,0,3.322503152273123e-90
7.37,0,1.6612515761365614e-90
7.38,0,8.306257880682807e-91
7.39,0,4.1531289403414035e-91
7.4,0,2.0765644701707018e-91
7.41,0,1.0382822350853509e-91
7.42,0,5.1914111754267544e-92
7.43,0,2.5957055877133772e-92
7.44,0,1.2978527938566886e-92
7.45,0,6.489263969283443e-93
7.46,0,3.2446319846417215e-93
7.47,0,1.6223159923208608e-93
7.48,0,8.111579961604304e-94
7.49,0,4.055789980802152e-94
7.5,0,2.027894990401076e-94
7.51,0,1.013947495200538e-94
7.52,0,5.06973747600269e-95
7.53,0,2.534868738001345e-95
7.54,0,1.2674343690006725e-95
7.55,0,6.337171845003362e-96
7.56,0,3.168585922501681e-96
7.57,0,1.5842929612508406e-96
7.58,0,7.921464806254203e-97
7.59,0,3.9607324031271014e-97
7.6,0,1.9803662015635507e-97
7.61,0,9.901831007817754e-98
7.62,0,4.950915503908877e-98
7.63,0,2.4754577519544384e-98
7.64,0,1.2377288759772192e-98
7.65,0,6.188644379886096e-99
7.66,0,3.094322189943048e-99
7.67,0,1.547161094971524e-99
7.68,0,7.73580547485762e-100
7.69,0,3.86790273742881e-100
7.7,0,1.933951368714405e-100
7.71,0,9.669756843572025e-101
7.72,0,4.8348784217860125e-101
7.73,0,2.4174392108930063e-101
7.74,0,1.2087196054465031e-101
7.75,0,6.043598027232516e-102
7.76,0,3.021799013616258e-102
7.77,0,1.510899506808129e-102
7.78,0,7.554497534040645e-103
7.79,0,3.7772487670203223e-103
7.8,0,1.8886243835101611e-103
7.81,0,9.443121917550806e-104
7.82,0,4.721560958775403e-104
7.83,0,2.3607804793877014e-104
7.84,0,1.1803902396938507e-104
7.85,0,5.9019511984692535e-105
7.86,0,2.9509755992346268e-105
7.87,0,1.4754877996173134e-105
7.88,0,7.377438998086567e-106
7.89,0,3.6887194990432835e-106
7.9,0,1.8443597495216417e-106
7.91,0,9.221798747608209e-107
7.92,0,4.6108993738041043e-107
7.93,0,2.3054496869020522e-107
7.94,0,1.1527248434510261e-107
7.95,0,5.7636242172551304e-108
7.96,0,2.8818121086275652e-108
7.97,0,1.4409060543137826e-108
7.98,0,7.204530271568913e-109
7.99,0,3.6022651357844565e-109
8.0,0,1.8011325678922283e-109
8.01,0,9.005662839461141e-110
8.02,0,4.5028314197305706e-110
8.03,0,2.2514157098652853e-110
8.04,0,1.1257078549326427e-110
8.05,0,5.628539274663213e-111
8.06,0,2.8142696373316066e-111
8.07,0,1.4071348186658033e-111
8.08,0,7.035674093329017e-112
8.09,0,3.5178370466645083e-112
8.1,0,1.7589185233322542e-112
8.11,0,8.794592616661271e-113
8.12,0,4.3972963083306354e-113
8.13,0,2.1986481541653177e-113
8.14,0,1.0993240770826588e-113
8.15,0,5.496620385413294e-114
8.16,0,2.748310192706647e-114
8.17,0,1.3741550963533236e-114
8.18,0,6.870775481766618e-115
8.19,0,3.435387740883309e-115
8.2,0,1.7176938704416544e-115
8.21,0,8.588469352208272e-116
8.22,0,4.294234676104136e-116
8.23,0,2.147117338052068e-116
8.24,0,1.073558669026034e-116
8.25,0,5.36779334513017e-117
8.26,0,2.683896672565085e-117
8.27,0,1.3419483362825425e-117
8.28,0,6.709741681412713e-118
8.29,0,3.3548708407063563e-118
8.3,0,1.6774354203531782e-118
8.31,0,8.387177101765891e-119
8.32,0,4.1935885508829454e-119
8.33,0,2.0967942754414727e-119
8.34,0,1.0483971377207364e-119
8.35,0,5.241985688603682e-120
8.36,0,2.620992844301841e-120
8.37,0,1.3104964221509204e-120
8.38,0,6.552482110754602e-121
8.39,0,3.276241055377301e-121
8.4,0,1.6381205276886506e-121
8.41,0,8.190602638443253e-122
8.42,0,4.0953013192216264e-122
8.43,0,2.0476506596108132e-122
8.44,0,1.0238253298054066e-122
8.45,0,5.119126649027033e-123
8.46,0,2.5595633245135165e-123
8.47,0,1.2797816622567582e-123
8.48,0,6.398908311283791e-124
8.49,0,3.1994541556418956e-124
8.5,0,1.5997270778209478e-124
8.51,0,7.998635389104739e-125
8.52,0,3.9993176945523695e-125
8.53,0,1.9996588472761848e-125
8.54,0,9.998294236380924e-126
8.55,0,4.999147118190462e-126
8.56,0,2.499573559095231e-126
8.57,0,1.2497867795476155e-126
8.58,0,6.248933897738077e-127
8.59,0,3.1244669488690387e-127
8.6,0,1.5622334744345193e-127
8.61,0,7.811167372172597e-128
8.62,0,3.9055836860862984e-128
8.63,0,1.9527918430431492e-128
8.64,0,9.763959215215746e-129
8.65,0,4.881979607607873e-129
8.66,0,2.4409898038039365e-129
8.67,0,1.2204949019019682e-129
8.68,0,6.102474509509841e-130
8.69,0,3.0512372547549206e-130
8.7,0,1.5256186273774603e-130
8.71,0,7.628093136887301e-131
8.72,0,3.8140465684436507e-131
8.73,0,1.9070232842218254e-131
8.74,0,9.535116421109127e-132
8.75,0,4.7675582105545634e-132
8.76,0,2.3837791052772817e-132
8.77,0,1.1918895526386409e-132
8.78,0,5.959447763193204e-133
8.79,0,2.979723881596602e-133
8.8,0,1.489861940798301e-133
8.81,0,7.449309703991505e-134
8.82,0,3.7246548519957527e-134
8.83,0,1.8623274259978763e-134
8.84,0,9.311637129989382e-135
8.85,0,4.655818564994691e-135
8.86,0,2.3279092824973454e-135
8.87,0,1.1639546412486727e-135
8.88,0,5.8197732062433636e-136
8.89,0,2.9098866031216818e-136
8.9,0,1.4549433015608409e-136
8.91,0,7.274716507804204e-137
8.92,0,3.637358253902102e-137
8.93,0,1.818679126951051e-137
8.94,0,9.093395634755256e-138
8.95,0,4.546697817377628e-138
8.96,0,2.273348908688814e-138
8.97,0,1.136674454344407e-138
8.98,0,5.683372271722035e-139
8.99,0,2.8416861358610174e-139
9.0,0,1.4208430679305087e-139
9.01,0,7.104215339652543e-140
9.02,0,3.5521076698262717e-140
9.03,0,1.7760538349131359e-140
9.04,0,8.880269174565679e-141
9.05,0,4.4401345872828396e-141
9.06,0,2.2200672936414198e-141
9.07,0,1.1100336468207099e-141
9.08,0,5.5501682341035495e-142
9.09,0,2.7750841170517748e-142
9.1,0,1.3875420585258874e-142
9.11,0,6.937710292629437e-143
9.12,0,3.4688551463147185e-143
9.13,0,1.7344275731573592e-143
9.14,0,8.672137865786796e-144
9.15,0,4.336068932893398e-144
9.16,0,2.168034466446699e-144
9.17,0,1.0840172332233495e-144
9.18,0,5.4200861661167476e-145
9.19,0,2.7100430830583738e-145
9.2,0,1.3550215415291869e-145
9.21,0,6.7751077076459345e-146
9.22,0,3.3875538538229673e-146
9.23,0,1.6937769269114836e-146
9.24,0,8.468884634557418e-147
9.25,0,4.234442317278709e-147
9.26,0,2.1172211586393545e-147
9.27,0,1.0586105793196773e-147
9.28,0,5.293052896598386e-148
9.29,0,2.646526448299193e-148
9.3,0,1.3232632241495966e-148
9.31,0,6.616316120747983e-149
9.32,0,3.3081580603739915e-149
9.33,0,1.6540790301869957e-149
9.34,0,8.270395150934979e-150
9.35,0,4.1351975754674893e-150
9.36,0,2.0675987877337447e-150
9.37,0,1.0337993938668723e-150
9.38,0,5.1689969693343617e-151
9.39,0,2.5844984846671808e-151
9.4,0,1.2922492423335904e-151
9.41,0,6.461246211667952e-152
9.42,0,3.230623105833976e-152
9.43,0,1.615311552916988e-152
9.44,0,8.07655776458494e-153
9.45,0,4.03827888229247e-153
9.46,0,2.019139441146235e-153
9.47,0,1.0095697205731175e-153
9.48,0,5.0478486028655875e-154
9.49,0,2.5239243014327938e-154
9.5,0,1.2619621507163969e-154
9.51,0,6.3098107535819844e-155
9.52,0,3.1549053767909922e-155
9.53,0,1.5774526883954961e-155
9.54,0,7.887263441977481e-156
9.55,0,3.9436317209887403e-156
9.56,0,1.9718158604943701e-156
9.57,0,9.859079302471851e-157
9.58,0,4.9295396512359253e-157
9.59,0,2.4647698256179627e-157
9.6,0,1.2323849128089813e-157
9.61,0,6.161924564044907e-158
9.62,0,3.0809622820224533e-158
9.63,0,1.5404811410112267e-158
9.64,0,7.702405705056133e-159
9.65,0,3.8512028525280667e-159
9.66,0,1.9256014262640333e-159
9.67,0,9.628007131320167e-160
9.68,0,4.8140035656600833e-160
9.69,0,2.4070017828300417e-160
9.7,0,1.2035008914150208e-160
9.71,0,6.017504457075104e-161
9.72,0,3.008752228537552e-161
9.73,0,1.504376114268776e-161
9.74,0,7.52188057134388e-162
9.75,0,3.76094028567194e-162
9.76,0,1.88047014283597e-162
9.77,0,9.40235071417985e-163
9.78,0,4.701175357089925e-163
9.79,0,2.3505876785449626e-163
9.8,0,1.1752938392724813e-163
9.81,0,5.8764691963624064e-164
9.82,0,2.9382345981812032e-164
9.83,0,1.4691172990906016e-164
9.84,0,7.345586495453008e-165
9.85,0,3.672793247726504e-165
9.86,0,1.836396623863252e-165
9.87,0,9.18198311931626e-166
9.88,0,4.59099155965813e-166
9.89,0,2.295495779829065e-166
9.9,0,1.1477478899145325e-166
9.91,0,5.7387394495726625e-167
9.92,0,2.8693697247863313e-167
9.93,0,1.4346848623931656e-167
9.94,0,7.173424311965828e-168
9.95,0,3.586712155982914e-168
9.96,0,1.793356077991457e-168
9.97,0,8.966780389957285e-169
9.98,0,4.4833901949786426e-169
9.99,0,2.2416950974893213e-169
10.0,0,1.1208475487446606e-169
10.01,0,5.604237743723303e-170
10.02,0,2.8021188718616516e-170
10.03,0,1.4010594359308258e-170
10.04,0,7.005297179654129e-171
10.05,0,3.5026485898270645e-171
10.06,0,1.7513242949135323e-171
10.07,0,8.756621474567661e-172
10.08,0,4.3783107372838307e-172
10.09,0,2.1891553686419153e-172
10.1,0,1.0945776843209577e-172
10.11,0,5.472888421604788e-173
10.12,0,2.736444210802394e-173
10.13,0,1.368222105401197e-173
10.14,0,6.841110527005985e-174
10.15,0,3.4205552635029927e-174
10.16,0,1.7102776317514964e-174
10.17,0,8.551388158757482e-175
10.18,0,4.275694079378741e-175
10.19,0,2.1378470396893704e-175
10.2,0,1.0689235198446852e-175
10.21,0,5.344617599223426e-176
10.22,0,2.672308799611713e-176
10.23,0,1.3361543998058565e-176
10.24,0,6.680771999029283e-177
10.25,0,3.3403859995146413e-177
10.26,0,1.6701929997573207e-177
10.27,0,8.350964998786603e-178
10.28,0,4.1754824993933016e-178
10.29,0,2.0877412496966508e-178
10.3,0,1.0438706248483254e-178
10.31,0,5.219353124241627e-179
10.32,0,2.6096765621208135e-179
10.33,0,1.3048382810604068e-179
10.34,0,6.524191405302034e-180
10.35,0,3.262095702651017e-180
10.36,0,1.6310478513255085e-180
10.37,0,8.155239256627542e-181
10.38,0,4.077619628313771e-181
10.39,0,2.0388098141568856e-181
10.4,0,1.0194049070784428e-181
10.41,0,5.097024535392214e-182
10.42,0,2.548512267696107e-182
10.43,0,1.2742561338480535e-182
10.44,0,6.371280669240267e-183
10.45,0,3.1856403346201337e-183
10.46,0,1.5928201673100668e-183
10.47,0,7.964100836550334e-184
10.48,0,3.982050418275167e-184
10.49,0,1.9910252091375836e-184
10.5,0,9.955126045687918e-185
10.51,0,4.977563022843959e-185
10.52,0,2.4887815114219795e-185
10.53,0,1.2443907557109897e-185
10.54,0,6.221953778554949e-186
10.55,0,3.1109768892774743e-186
10.56,0,1.5554884446387372e-186
10.57,0,7.777442223193686e-187
10.58,0,3.888721111596843e-187
10.59,0,1.9443605557984214e-187
10.6,0,9.721802778992107e-188
10.61,0,4.8609013894960536e-188
10.62,0,2.4304506947480268e-188
10.63,0,1.2152253473740134e-188
10.64,0,6.076126736870067e-189
10.65,0,3.0380633684350335e-189
10.66,0,1.5190316842175168e-189
10.67,0,7.595158421087584e-190
10.68,0,3.797579210543792e-190
10.69,0,1.898789605271896e-190
10.7,0,9.49394802635948e-191
10.71,0,4.74697401317974e-191
10.72,0,2.37348700658987e-191
10.73,0,1.186743503294935e-191
10.74,0,5.933717516474675e-192
10.75,0,2.9668587582373374e-192
10.76,0,1.4834293791186687e-192
10.77,0,7.417146895593344e-193
10.78,0,3.708573447796672e-193
10.79,0,1.854286723898336e-193
10.8,0,9.27143361949168e-194
10.81,0,4.63571680974584e-194
10.82,0,2.31785840487292e-194
10.83,0,1.15892920243646e-194
10.84,0,5.7946460121823e-195
10.85,0,2.89732300609115e-195
10.86,0,1.448661503045575e-195
10.87,0,7.243307515227875e-196
10.88,0,3.6216537576139373e-196
10.89,0,1.8108268788069686e-196
10.9,0,9.054134394034843e-197
10.91,0,4.5270671970174216e-197
10.92,0,2.2635335985087108e-197
10.93,0,1.1317667992543554e-197
10.94,0,5.658833996271777e-198
10.95,0,2.8294169981358885e-198
10.96,0,1.4147084990679442e-198
10.97,0,7.073542495339721e-199
10.98,0,3.5367712476698606e-199
10.99,0,1.7683856238349303e-199
11.0,0,8.841928119174652e-200
11.01,0,4.420964059587326e-200
11.02,0,2.210482029793663e-200
11.03,0,1.1052410148968314e-200
11.04,0,5.526205074484157e-201
11.05,0,2.7631025372420786e-201
11.06,0,1.3815512686210393e-201
11.07,0,6.9077563431051965e-202
11.08,0,3.4538781715525983e-202
11.09,0,1.7269390857762991e-202
11.1,0,8.634695428881496e-203
11.11,0,4.317347714440748e-203
11.12,0,2.158673857220374e-203
11.13,0,1.079336928610187e-203
11.14,0,5.396684643050935e-204
11.15,0,2.6983423215254674e-204
11.16,0,1.3491711607627337e-204
11.17,0,6.7458558038136685e-205
11.18,0,3.3729279019068342e-205
11.19,0,1.6864639509534171e-205
11.2,0,8.432319754767086e-206
11.21,0,4.216159877383543e-206
11.22,0,2.1080799386917714e-206
11.23,0,1.0540399693458857e-206
11.24,0,5.2701998467294285e-207
11.25,0,2.6350999233647142e-207
11.26,0,1.3175499616823571e-207
11.27,0,6.587749808411786e-208
11.28,0,3.293874904205893e-208
11.29,0,1.6469374521029464e-208
11.3,0,8.234687260514732e-209
11.31,0,4.117343630257366e-209
11.32,0,2.058671815128683e-209
11.33,0,1.0293359075643415e-209
11.34,0,5.1466795378217075e-210
11.35,0,2.5733397689108538e-210
11.36,0,1.2866698844554269e-210
11.37,0,6.433349422277134e-211
11.38,0,3.216674711138567e-211
11.39,0,1.6083373555692836e-211
11.4,0,8.041686777846418e-212
11.41,0,4.020843388923209e-212
11.42,0,2.0104216944616045e-212
11.43,0,1.0052108472308022e-212
11.44,0,5.026054236154011e-213
11.45,0,2.5130271180770056e-213
11.46,0,1.2565135590385028e-213
11.47,0,6.282567795192514e-214
11.48,0,3.141283897596257e-214
11.49,0,1.5706419487981285e-214
11.5,0,7.853209743990643e-215
11.51,0,3.9266048719953213e-215
11.52,0,1.9633024359976606e-215
11.53,0,9.816512179988303e-216
11.54,0,4.9082560899941516e-216
11.55,0,2.4541280449970758e-216
11.56,0,1.2270640224985379e-216
11.57,0,6.1353201124926895e-217
11.58,0,3.0676600562463448e-217
11.59,0,1.5338300281231724e-217
11.6,0,7.669150140615862e-218
11.61,0,3.834575070307931e-218
11.62,0,1.9172875351539655e-218
11.63,0,9.586437675769827e-219
11.64,0,4.7932188378849137e-219
11.65,0,2.3966094189424568e-219
11.66,0,1.1983047094712284e-219
11.67,0,5.991523547356142e-220
11.68,0,2.995761773678071e-220
11.69,0,1.4978808868390355e-220
11.7,0,7.489404434195178e-221
11.71,0,3.744702217097589e-221
11.72,0,1.8723511085487944e-221
11.73,0,9.361755542743972e-222
11.74,0,4.680877771371986e-222
11.75,0,2.340438885685993e-222
11.76,0,1.1702194428429965e-222
11.77,0,5.8510972142149825e-223
11.78,0,2.9255486071074913e-223
11.79,0,1.4627743035537456e-223
11.8,0,7.313871517768728e-224
11.81,0,3.656935758884364e-224
11.82,0,1.828467879442182e-224
11.83,0,9.14233939721091e-225
11.84,0,4.571169698605455e-225
11.85,0,2.2855848493027275e-225
11.86,0,1.1427924246513638e-225
11.87,0,5.713962123256819e-226
11.88,0,2.8569810616284094e-226
11.89,0,1.4284905308142047e-226
11.9,0,7.142452654071024e-227
11.91,0,3.571226327035512e-227
11.92,0,1.785613163517756e-227
11.93,0,8.92806581758878e-228
11.94,0,4.46403290879439e-228
11.95,0,2.232016454397195e-228
11.96,0,1.1160082271985974e-228
11.97,0,5.580041135992987e-229
11.98,0,2.7900205679964936e-229
11.99,0,1.3950102839982468e-229
12.0,0,6.975051419991234e-230
12.01,0,3.487525709995617e-230
12.02,0,1.7437628549978085e-230
12.03,0,8.718814274989042e-231
12.04,0,4.359407137494521e-231
12.05,0,2.1797035687472606e-231
12.06,0,1.0898517843736303e-231
12.07,0,5.4492589218681515e-232
12.08,0,2.7246294609340758e-232
12.09,0,1.3623147304670379e-232
12.1,0,6.811573652335189e-233
12.11,0,3.4057868261675947e-233
12.12,0,1.7028934130837974e-233
12.13,0,8.514467065418987e-234
12.14,0,4.2572335327094934e-234
12.15,0,2.1286167663547467e-234
12.16,0,1.0643083831773733e-234
12.17,0,5.321541915886867e-235
12.18,0,2.6607709579434334e-235
12.19,0,1.3303854789717167e-235
12.2,0,6.651927394858583e-236
12.21,0,3.3259636974292917e-236
12.22,0,1.6629818487146459e-236
12.23,0,8.314909243573229e-237
12.24,0,4.1574546217866146e-237
12.25,0,2.0787273108933073e-237
12.26,0,1.0393636554466537e-237
12.27,0,5.196818277233268e-238
12.28,0,2.598409138616634e-238
12.29,0,1.299204569308317e-238
12.3,0,6.496022846541585e-239
12.31,0,3.2480114232707927e-239
12.32,0,1.6240057116353963e-239
12.33,0,8.120028558176982e-240
12.34,0,4.060014279088491e-240
12.35,0,2.0300071395442454e-240
12.36,0,1.0150035697721227e-240
12.37,0,5.0750178488606136e-241
12.38,0,2.5375089244303068e-241
12.39,0,1.2687544622151534e-241
12.4,0,6.343772311075767e-242
12.41,0,3.1718861555378835e-242
12.42,0,1.5859430777689417e-242
12.43,0,7.929715388844709e-243
12.44,0,3.9648576944223543e-243
12.45,0,1.9824288472111772e-243
12.46,0,9.912144236055886e-244
12.47,0,4.956072118027943e-244
12.48,0,2.4780360590139715e-244
12.49,0,1.2390180295069857e-244
12.5,0,6.195090147534929e-245
12.51,0,3.0975450737674643e-245
12.52,0,1.5487725368837322e-245
12.53,0,7.743862684418661e-246
12.54,0,3.8719313422093304e-246
12.55,0,1.9359656711046652e-246
12.56,0,9.679828355523326e-247
12.57,0,4.839914177761663e-247
12.58,0,2.4199570888808315e-247
12.59,0,1.2099785444404158e-247
12.6,0,6.049892722202079e-248
12.61,0,3.0249463611010394e-248
12.62,0,1.5124731805505197e-248
12.63,0,7.562365902752598e-249
12.64,0,3.781182951376299e-249
12.65,0,1.8905914756881496e-249
12.66,0,9.452957378440748e-250
12.67,0,4.726478689220374e-250
12.68,0,2.363239344610187e-250
12.69,0,1.1816196723050935e-250
12.7,0,5.9080983615254676e-251
12.71,0,2.9540491807627338e-251
12.72,0,1.4770245903813669e-251
12.73,0,7.385122951906834e-252
12.74,0,3.692561475953417e-252
12.75,0,1.8462807379767086e-252
12.76,0,9.231403689883543e-253
12.77,0,4.6157018449417715e-253
12.78,0,2.3078509224708858e-253
12.79,0,1.1539254612354429e-253
12.8,0,5.7696273061772144e-254
12.81,0,2.8848136530886072e-254
12.82,0,1.4424068265443036e-254
12.83,0,7.212034132721518e-255
12.84,0,3.606017066360759e-255
12.85,0,1.8030085331803795e-255
12.86,0,9.015042665901898e-256
12.87,0,4.507521332950949e-256
12.88,0,2.2537606664754744e-256
12.89,0,1.1268803332377372e-256
12.9,0,5.634401666188686e-257
12.91,0,2.817200833094343e-257
12.92,0,1.4086004165471715e-257
12.93,0,7.043002082735857e-258
12.94,0,3.5215010413679287e-258
12.95,0,1.7607505206839644e-258
12.96,0,8.803752603419822e-259
12.97,0,4.401876301709911e-259
12.98,0,2.2009381508549554e-259
12.99,0,1.1004690754274777e-259
13.0,0,5.5023453771373886e-260
13.01,0,2.7511726885686943e-260
13.02,0,1.3755863442843472e-260
13.03,0,6.877931721421736e-261
13.04,0,3.438965860710868e-261
13.05,0,1.719482930355434e-261
13.06,0,8.59741465177717e-262
13.07,0,4.298707325888585e-262
13.08,0,2.1493536629442924e-262
13.09,0,1.0746768314721462e-262
13.1,0,5.373384157360731e-263
13.11,0,2.6866920786803655e-263
13.12,0,1.3433460393401828e-263
13.13,0,6.716730196700914e-264
13.14,0,3.358365098350457e-264
13.15,0,1.6791825491752285e-264
13.16,0,8.395912745876142e-265
13.17,0,4.197956372938071e-265
13.18,0,2.0989781864690356e-265
13.19,0,1.0494890932345178e-265
13.2,0,5.247445466172589e-266
13.21,0,2.6237227330862945e-266
13.22,0,1.3118613665431472e-266
13.23,0,6.559306832715736e-267
13.24,0,3.279653416357868e-267
13.25,0,1.639826708178934e-267
13.26,0,8.19913354089467e-268
13.27,0,4.099566770447335e-268
13.28,0,2.0497833852236676e-268
13.29,0,1.0248916926118338e-268
13.3,0,5.124458463059169e-269
13.31,0,2.5622292315295844e-269
13.32,0,1.2811146157647922e-269
13.33,0,6.405573078823961e-270
13.34,0,3.2027865394119806e-270
13.35,0,1.6013932697059903e-270
13.36,0,8.006966348529951e-271
13.37,0,4.0034831742649757e-271
13.38,0,2.0017415871324878e-271
13.39,0,1.0008707935662439e-271
13.4,0,5.0043539678312196e-272
13.41,0,2.5021769839156098e-272
13.42,0,1.2510884919578049e-272
13.43,0,6.2554424597890245e-273
13.44,0,3.1277212298945123e-273
13.45,0,1.5638606149472561e-273
13.46,0,7.819303074736281e-274
13.47,0,3.9096515373681403e-274
13.48,0,1.9548257686840702e-274
13.49,0,9.774128843420351e-275
13.5,0,4.8870644217101754e-275
13.51,0,2.4435322108550877e-275
13.52,0,1.2217661054275439e-275
13.53,0,6.108830527137719e-276
13.54,0,3.0544152635688596e-276
13.55,0,1.5272076317844298e-276
13.56,0,7.636038158922149e-277
13.57,0,3.8180190794610745e-277
13.58,0,1.9090095397305373e-277
13.59,0,9.545047698652686e-278
13.6,0,4.772523849326343e-278
13.61,0,2.3862619246631716e-278
13.62,0,1.1931309623315858e-278
13.63,0,5.965654811657929e-279
13.64,0,2.9828274058289645e-279
13.65,0,1.4914137029144822e-279
13.66,0,7.457068514572411e-280
13.67,0,3.7285342572862056e-280
13.68,0,1.8642671286431028e-280
13.69,0,9.321335643215514e-281
13.7,0,4.660667821607757e-281
13.71,0,2.3303339108038785e-281
13.72,0,1.1651669554019393e-281
13.73,0,5.825834777009696e-282
13.74,0,2.912917388504848e-282
13.75,0,1.456458694252424e-282
13.76,0,7.28229347126212e-283
13.77,0,3.64114673563106e-283
13.78,0,1.82057336781553e-283
13.79,0,9.10286683907765e-284
13.8,0,4.551433419538825e-284
13.81,0,2.2757167097694126e-284
13.82,0,1.1378583548847063e-284
13.83,0,5.6892917744235315e-285
13.84,0,2.8446458872117657e-285
13.85,0,1.4223229436058829e-285
13.86,0,7.111614718029414e-286
13.87,0,3.555807359014707e-286
13.88,0,1.7779036795073536e-286
13.89,0,8.889518397536768e-287
13.9,0,4.444759198768384e-287
13.91,0,2.222379599384192e-287
13.92,0,1.111189799692096e-287
13.93,0,5.55594899846048e-288
13.94,0,2.77797449923024e-288
13.95,0,1.38898724961512e-288
13.96,0,6.9449362480756e-289
13.97,0,3.4724681240378e-289
13.98,0,1.7362340620189e-289
13.99,0,8.6811703100945e-290
14.0,0,4.34058515504725e-290
14.01,0,2.170292577523625e-290
14.02,0,1.0851462887618125e-290
14.03,0,5.4257314438090625e-291
14.04,0,2.7128657219045312e-291
14.05,0,1.3564328609522656e-291
14.06,0,6.782164304761328e-292
14.07,0,3.391082152380664e-292
14.08,0,1.695541076190332e-292
14.09,0,8.47770538095166e-293
14.1,0,4.23885269047583e-293
14.11,0,2.119426345237915e-293
14.12,0,1.0597131726189575e-293
14.13,0,5.2985658630947876e-294
14.14,0,2.6492829315473938e-294
14.15,0,1.3246414657736969e-294
14.16,0,6.6232073288684845e-295
14.17,0,3.3116036644342422e-295
14.18,0,1.6558018322171211e-295
14.19,0,8.279009161085606e-296
14.2,0,4.139504580542803e-296
14.21,0,2.0697522902714014e-296
14.22,0,1.0348761451357007e-296
14.23,0,5.1743807256785035e-297
14.24,0,2.5871903628392517e-297
14.25,0,1.2935951814196259e-297
14.26,0,6.467975907098129e-298
14.27,0,3.2339879535490647e-298
14.28,0,1.6169939767745323e-298
14.29,0,8.084969883872662e-299
14.3,0,4.042484941936331e-299
14.31,0,2.0212424709681654e-299
14.32,0,1.0106212354840827e-299
14.33,0,5.0531061774204136e-300
14.34,0,2.5265530887102068e-300
14.35,0,1.2632765443551034e-300
14.36,0,6.316382721775517e-301
14.37,0,3.1581913608877585e-301
14.38,0,1.5790956804438792e-301
14.39,0,7.895478402219396e-302
14.4,0,3.947739201109698e-302
14.41,0,1.973869600554849e-302
14.42,0,9.869348002774245e-303
14.43,0,4.9346740013871226e-303
14.44,0,2.4673370006935613e-303
14.45,0,1.2336685003467807e-303
14.46,0,6.168342501733903e-304
14.47,0,3.0841712508669516e-304
14.48,0,1.5420856254334758e-304
14.49,0,7.710428127167379e-305
14.5,0,3.8552140635836896e-305
14.51,0,1.9276070317918448e-305
14.52,0,9.638035158959224e-306
14.53,0,4.819017579479612e-306
14.54,0,2.409508789739806e-306
14.55,0,1.204754394869903e-306
14.56,0,6.023771974349515e-307
14.57,0,3.0118859871747575e-307
14.58,0,1.5059429935873787e-307
14.59,0,7.529714967936894e-308
14.6,0,3.764857483968447e-308
14.61,0,1.882428741984223e-308
14.62,0,9.412143709921116e-309
14.63,0,4.70607185496056e-309
14.64,0,2.35303592748028e-309
14.65,0,1.17651796374014e-309
14.66,0,5.88258981870067e-310
14.67,0,2.94129490935034e-310
14.68,0,1.4706474546752e-310
14.69,0,7.353237273376e-311
14.7,0,3.676618636688e-311
14.71,0,1.8383093183437e-311
14.72,0,9.19154659172e-312
14.73,0,4.59577329586e-312
14.74,0,2.29788664793e-312
14.75,0,1.148943323965e-312
14.76,0,5.7447166198e-313
14.77,0,2.8723583099e-313
14.78,0,1.436179155e-313
14.79,0,7.180895775e-314
14.8,0,3.5904478874e-314
14.81,0,1.7952239437e-314
14.82,0,8.97611972e-315
14.83,0,4.488059857e-315
14.84,0,2.24402993e-315
14.85,0,1.122014964e-315
14.86,0,5.6100748e-316
14.87,0,2.8050374e-316
14.88,0,1.40251867e-316
14.89,0,7.0125934e-317
14.9,0,3.506297e-317
14.91,0,1.7531485e-317
14.92,0,8.76574e-318
14.93,0,4.38287e-318
14.94,0,2.19144e-318
14.95,0,1.09572e-318
14.96,0,5.4786e-319
14.97,0,2.7393e-319
14.98,0,1.36965e-319
14.99,0,6.848e-320
15.0,0,3.424e-320
15.01,0,1.712e-320
15.02,0,8.557e-321
15.03,0,4.28e-321
15.04,0,2.14e-321
15.05,0,1.067e-321
15.06,0,5.34e-322
15.07,0,2.67e-322
15.08,0,1.33e-322
15.09,0,7e-323
15.1,0,3.5e-323
15.11,0,2e-323
15.12,0,1e-323
15.13,0,5e-324
15.14,0,0.0
15.15,0,0.0
15.16,0,0.0
15.17,0,0.0
15.18,0,0.0
15.19,0,0.0
15.2,0,0.0
15.21,0,0.0
15.22,0,0.0
15.23,0,0.0
15.24,0,0.0
15.25,0,0.0
15.26,0,0.0
15.27,0,0.0
15.28,0,0.0
15.29,0,0.0
15.3,0,0.0
15.31,0,0.0
15.32,0,0.0
15.33,0,0.0
15.34,0,0.0
15.35,0,0.0
15.36,0,0.0
15.37,0,0.0
15.38,0,0.0
15.39,0,0.0
15.4,0,0.0
15.41,0,0.0
15.42,0,0.0
15.43,0,0.0
15.44,0,0.0
15.45,0,0.0
15.46,0,0.0
15.47,0,0.0
15.48,0,0.0
15.49,0,0.0
15.5,0,0.0
15.51,0,0.0
15.52,0,0.0
15.53,0,0.0
15.54,0,0.0
15.55,0,0.0
15.56,0,0.0
15.57,0,0.0
15.58,0,0.0
15.59,0,0.0
15.6,0,0.0
15.61,0,0.0
15.62,0,0.0
15.63,0,0.0
15.64,0,0.0
15.65,0,0.0
15.66,0,0.0
15.67,0,0.0
15.68,0,0.0
15.69,0,0.0
15.7,0,0.0
15.71,0,0.0
15.72,0,0.0
15.73,0,0.0
15.74,0,0.0
15.75,0,0.0
15.76,0,0.0
15.77,0,0.0
15.78,0,0.0
15.79,0,0.0
15.8,0,0.0
15.81,0,0.0
15.82,0,0.0
15.83,0,0.0
15.84,0,0.0
15.85,0,0.0
15.86,0,0.0
15.87,0,0.0
15.88,0,0.0
15.89,0,0.0
15.9,0,0.0
15.91,0,0.0
15.92,0,0.0
15.93,0,0.0
15.94,0,0.0
15.95,0,0.0
15.96,0,0.0
15.97,0,0.0
15.98,0,0.0
15.99,0,0.0
16.0,0,0.0
16.01,0,0.0
16.02,0,0.0
16.03,0,0.0
16.04,0,0.0
16.05,0,0.0
16.06,0,0.0
16.07,0,0.0
16.08,0,0.0
16.09,0,0.0
16.1,0,0.0
16.11,0,0.0
16.12,0,0.0
16.13,0,0.0
16.14,0,0.0
16.15,0,0.0
16.16,0,0.0
16.17,0,0.0
16.18,0,0.0
16.19,0,0.0
16.2,0,0.0
16.21,0,0.0
16.22,0,0.0
16.23,0,0.0
16.24,0,0.0
16.25,0,0.0
16.26,0,0.0
16.27,0,0.0
16.28,0,0.0
16.29,0,0.0
16.3,0,0.0
16.31,0,0.0
16.32,0,0.0
16.33,0,0.0
16.34,0,0.0
16.35,0,0.0
16.36,0,0.0
16.37,0,0.0
16.38,0,0.0
16.39,0,0.0
16.4,0,0.0
16.41,0,0.0
16.42,0,0.0
16.43,0,0.0
16.44,0,0.0
16.45,0,0.0
16.46,0,0.0
16.47,0,0.0
16.48,0,0.0
16.49,0,0.0
16.5,0,0.0
16.51,0,0.0
16.52,0,0.0
16.53,0,0.0
16.54,0,0.0
16.55,0,0.0
16.56,0,0.0
16.57,0,0.0
16.58,0,0.0
16.59,0,0.0
16.6,0,0.0
16.61,0,0.0
16.62,0,0.0
16.63,0,0.0
16.64,0,0.0
16.65,0,0.0
16.66,0,0.0
16.67,0,0.0
16.68,0,0.0
16.69,0,0.0
16.7,0,0.0
16.71,0,0.0
16.72,0,0.0
16.73,0,0.0
16.74,0,0.0
16.75,0,0.0
16.76,0,0.0
16.77,0,0.0
16.78,0,0.0
16.79,0,0.0
16.8,0,0.0
16.81,0,0.0
16.82,0,0.0
16.83,0,0.0
16.84,0,0.0
16.85,0,0.0
16.86,0,0.0
16.87,0,0.0
16.88,0,0.0
16.89,0,0.0
16.9,0,0.0
16.91,0,0.0
16.92,0,0.0
16.93,0,0.0
16.94,0,0.0
16.95,0,0.0
16.96,0,0.0
16.97,0,0.0
16.98,0,0.0
16.99,0,0.0
17.0,0,0.0
17.01,0,0.0
17.02,0,0.0
17.03,0,0.0
17.04,0,0.0
17.05,0,0.0
17.06,0,0.0
17.07,0,0.0
17.08,0,0.0
17.09,0,0.0
17.1,0,0.0
17.11,0,0.0
17.12,0,0.0
17.13,0,0.0
17.14,0,0.0
17.15,0,0.0
17.16,0,0.0
17.17,0,0.0
17.18,0,0.0
17.19,0,0.0
17.2,0,0.0
17.21,0,0.0
17.22,0,0.0
17.23,0,0.0
17.24,0,0.0
17.25,0,0.0
17.26,0,0.0
17.27,0,0.0
17.28,0,0.0
17.29,0,0.0
17.3,0,0.0
17.31,0,0.0
17.32,0,0.0
17.33,0,0.0
17.34,0,0.0
17.35,0,0.0
17.36,0,0.0
17.37,0,0.0
17.38,0,0.0
17.39,0,0.0
17.4,0,0.0
17.41,0,0.0
17.42,0,0.0
17.43,0,0.0
17.44,0,0.0
17.45,0,0.0
17.46,0,0.0
17.47,0,0.0
17.48,0,0.0
17.49,0,0.0
17.5,0,0.0
17.51,0,0.0
17.52,0,0.0
17.53,0,0.0
17.54,0,0.0
17.55,0,0.0
17.56,0,0.0
17.57,0,0.0
17.58,0,0.0
17.59,0,0.0
17.6,0,0.0
17.61,0,0.0
17.62,0,0.0
17.63,0,0.0
17.64,0,0.0
17.65,0,0.0
17.66,0,0.0
17.67,0,0.0
17.68,0,0.0
17.69,0,0.0
17.7,0,0.0
17.71,0,0.0
17.72,0,0.0
17.73,0,0.0
17.74,0,0.0
17.75,0,0.0
17.76,0,0.0
17.77,0,0.0
17.78,0,0.0
17.79,0,0.0
17.8,0,0.0
17.81,0,0.0
17.82,0,0.0
17.83,0,0.0
17.84,0,0.0
17.85,0,0.0
17.86,0,0.0
17.87,0,0.0
17.88,0,0.0
17.89,0,0.0
17.9,0,0.0
17.91,0,0.0
17.92,0,0.0
17.93,0,0.0
17.94,0,0.0
17.95,0,0.0
17.96,0,0.0
17.97,0,0.0
17.98,0,0.0
17.99,0,0.0
18.0,0,0.0
18.01,0,0.0
18.02,0,0.0
18.03,0,0.0
18.04,0,0.0
18.05,0,0.0
18.06,0,0.0
18.07,0,0.0
18.08,0,0.0
18.09,0,0.0
18.1,0,0.0
18.11,0,0.0
18.12,0,0.0
18.13,0,0.0
18.14,0,0.0
18.15,0,0.0
18.16,0,0.0
18.17,0,0.0
18.18,0,0.0
18.19,0,0.0
18.2,0,0.0
18.21,0,0.0
18.22,0,0.0
18.23,0,0.0
18.24,0,0.0
18.25,0,0.0
18.26,0,0.0
18.27,0,0.0
18.28,0,0.0
18.29,0,0.0
18.3,0,0.0
18.31,0,0.0
18.32,0,0.0
18.33,0,0.0
18.34,0,0.0
18.35,0,0.0
18.36,0,0.0
18.37,0,0.0
18.38,0,0.0
18.39,0,0.0
18.4,0,0.0
18.41,0,0.0
18.42,0,0.0
18.43,0,0.0
18.44,0,0.0
18.45,0,0.0
18.46,0,0.0
18.47,0,0.0
18.48,0,0.0
18.49,0,0.0
18.5,0,0.0
18.51,0,0.0
18.52,0,0.0
18.53,0,0.0
18.54,0,0.0
18.55,0,0.0
18.56,0,0.0
18.57,0,0.0
18.58,0,0.0
18.59,0,0.0
18.6,0,0.0
18.61,0,0.0
18.62,0,0.0
18.63,0,0.0
18.64,0,0.0
18.65,0,0.0
18.66,0,0.0
18.67,0,0.0
18.68,0,0.0
18.69,0,0.0
18.7,0,0.0
18.71,0,0.0
18.72,0,0.0
18.73,0,0.0
18.74,0,0.0
18.75,0,0.0
18.76,0,0.0
18.77,0,0.0
18.78,0,0.0
18.79,0,0.0
18.8,0,0.0
18.81,0,0.0
18.82,0,0.0
18.83,0,0.0
18.84,0,0.0
18.85,0,0.0
18.86,0,0.0
18.87,0,0.0
18.88,0,0.0
18.89,0,0.0
18.9,0,0.0
18.91,0,0.0
18.92,0,0.0
18.93,0,0.0
18.94,0,0.0
18.95,0,0.0
18.96,0,0.0
18.97,0,0.0
18.98,0,0.0
18.99,0,0.0
19.0,0,0.0
19.01,0,0.0
19.02,0,0.0
19.03,0,0.0
19.04,0,0.0
19.05,0,0.0
19.06,0,0.0
19.07,0,0.0
19.08,0,0.0
19.09,0,0.0
19.1,0,0.0
19.11,0,0.0
19.12,0,0.0
19.13,0,0.0
19.14,0,0.0
19.15,0,0.0
19.16,0,0.0
19.17,0,0.0
19.18,0,0.0
19.19,0,0.0
19.2,0,0.0
19.21,0,0.0
19.22,0,0.0
19.23,0,0.0
19.24,0,0.0
19.25,0,0.0
19.26,0,0.0
19.27,0,0.0
19.28,0,0.0
19.29,0,0.0
19.3,0,0.0
19.31,0,0.0
19.32,0,0.0
19.33,0,0.0
19.34,0,0.0
19.35,0,0.0
19.36,0,0.0
19.37,0,0.0
19.38,0,0.0
19.39,0,0.0
19.4,0,0.0
19.41,0,0.0
19.42,0,0.0
19.43,0,0.0
19.44,0,0.0
19.45,0,0.0
19.46,0,0.0
19.47,0,0.0
19.48,0,0.0
19.49,0,0.0
19.5,0,0.0
19.51,0,0.0
19.52,0,0.0
19.53,0,0.0
19.54,0,0.0
19.55,0,0.0
19.56,0,0.0
19.57,0,0.0
19.58,0,0.0
19.59,0,0.0
19.6,0,0.0
19.61,0,0.0
19.62,0,0.0
19.63,0,0.0
19.64,0,0.0
19.65,0,0.0
19.66,0,0.0
19.67,0,0.0
19.68,0,0.0
19.69,0,0.0
19.7,0,0.0
19.71,0,0.0
19.72,0,0.0
19.73,0,0.0
19.74,0,0.0
19.75,0,0.0
19.76,0,0.0
19.77,0,0.0
19.78,0,0.0
19.79,0,0.0
19.8,0,0.0
19.81,0,0.0
19.82,0,0.0
19.83,0,0.0
19.84,0,0.0
19.85,0,0.0
19.86,0,0.0
19.87,0,0.0
19.88,0,0.0
19.89,0,0.0
19.9,0,0.0
19.91,0,0.0
19.92,0,0.0
19.93,0,0.0
19.94,0,0.0
19.95,0,0.0
19.96,0,0.0
19.97,0,0.0
19.98,0,0.0
19.99,0,0.0
20.0,0,0.0
20.01,0,0.0
20.02,0,0.0
20.03,0,0.0
20.04,0,0.0
20.05,0,0.0
20.06,0,0.0
20.07,0,0.0
20.08,0,0.0
20.09,0,0.0
20.1,0,0.0
20.11,0,0.0
20.12,0,0.0
20.13,0,0.0
20.14,0,0.0
20.15,0,0.0
20.16,0,0.0
20.17,0,0.0
20.18,0,0.0
20.19,0,0.0
20.2,0,0.0
20.21,0,0.0
20.22,0,0.0
20.23,0,0.0
20.24,0,0.0
20.25,0,0.0
20.26,0,0.0
20.27,0,0.0
20.28,0,0.0
20.29,0,0.0
20.3,0,0.0
20.31,0,0.0
20.32,0,0.0
20.33,0,0.0
20.34,0,0.0
20.35,0,0.0
20.36,0,0.0
20.37,0,0.0
20.38,0,0.0
20.39,0,0.0
20.4,0,0.0
20.41,0,0.0
20.42,0,0.0
20.43,0,0.0
20.44,0,0.0
20.45,0,0.0
20.46,0,0.0
20.47,0,0.0
20.48,0,0.0
20.49,0,0.0
20.5,0,0.0
20.51,0,0.0
20.52,0,0.0
20.53,0,0.0
20.54,0,0.0
20.55,0,0.0
20.56,0,0.0
20.57,0,0.0
20.58,0,0.0
20.59,0,0.0
20.6,0,0.0
20.61,0,0.0
20.62,0,0.0
20.63,0,0.0
20.64,0,0.0
20.65,0,0.0
20.66,0,0.0
20.67,0,0.0
20.68,0,0.0
20.69,0,0.0
20.7,0,0.0
20.71,0,0.0
20.72,0,0.0
20.73,0,0.0
20.74,0,0.0
20.75,0,0.0
20.76,0,0.0
20.77,0,0.0
20.78,0,0.0
20.79,0,0.0
20.8,0,0.0
20.81,0,0.0
20.82,0,0.0
20.83,0,0.0
20.84,0,0.0
20.85,0,0.0
20.86,0,0.0
20.87,0,0.0
20.88,0,0.0
20.89,0,0.0
20.9,0,0.0
20.91,0,0.0
20.92,0,0.0
20.93,0,0.0
20.94,0,0.0
20.95,0,0.0
20.96,0,0.0
20.97,0,0.0
20.98,0,0.0
20.99,0,0.0
21.0,0,0.0
21.01,0,0.0
21.02,0,0.0
21.03,0,0.0
21.04,0,0.0
21.05,0,0.0
21.06,0,0.0
21.07,0,0.0
21.08,0,0.0
21.09,0,0.0
21.1,0,0.0
21.11,0,0.0
21.12,0,0.0
21.13,0,0.0
21.14,0,0.0
21.15,0,0.0
21.16,0,0.0
21.17,0,0.0
21.18,0,0.0
21.19,0,0.0
21.2,0,0.0
21.21,0,0.0
21.22,0,0.0
21.23,0,0.0
21.24,0,0.0
21.25,0,0.0
21.26,0,0.0
21.27,0,0.0
21.28,0,0.0
21.29,0,0.0
21.3,0,0.0
21.31,0,0.0
21.32,0,0.0
21.33,0,0.0
21.34,0,0.0
21.35,0,0.0
21.36,0,0.0
21.37,0,0.0
21.38,0,0.0
21.39,0,0.0
21.4,0,0.0
21.41,0,0.0
21.42,0,0.0
21.43,0,0.0
21.44,0,0.0
21.45,0,0.0
21.46,0,0.0
21.47,0,0.0
21.48,0,0.0
21.49,0,0.0
21.5,0,0.0
21.51,0,0.0
21.52,0,0.0
21.53,0,0.0
21.54,0,0.0
21.55,0,0.0
21.56,0,0.0
21.57,0,0.0
21.58,0,0.0
21.59,0,0.0
21.6,0,0.0
21.61,0,0.0
21.62,0,0.0
21.63,0,0.0
21.64,0,0.0
21.65,0,0.0
21.66,0,0.0
21.67,0,0.0
21.68,0,0.0
21.69,0,0.0
21.7,0,0.0
21.71,0,0.0
21.72,0,0.0
21.73,0,0.0
21.74,0,0.0
21.75,0,0.0
21.76,0,0.0
21.77,0,0.0
21.78,0,0.0
21.79,0,0.0
21.8,0,0.0
21.81,0,0.0
21.82,0,0.0
21.83,0,0.0
21.84,0,0.0
21.85,0,0.0
21.86,0,0.0
21.87,0,0.0
21.88,0,0.0
21.89,0,0.0
21.9,0,0.0
21.91,0,0.0
21.92,0,0.0
21.93,0,0.0
21.94,0,0.0
21.95,0,0.0
21.96,0,0.0
21.97,0,0.0
21.98,0,0.0
21.99,0,0.0
22.0,0,0.0
22.01,0,0.0
22.02,0,0.0
22.03,0,0.0
22.04,0,0.0
22.05,0,0.0
22.06,0,0.0
22.07,0,0.0
22.08,0,0.0
22.09,0,0.0
22.1,0,0.0
22.11,0,0.0
22.12,0,0.0
22.13,0,0.0
22.14,0,0.0
22.15,0,0.0
22.16,0,0.0
22.17,0,0.0
22.18,0,0.0
22.19,0,0.0
22.2,0,0.0
22.21,0,0.0
22.22,0,0.0
22.23,0,0.0
22.24,0,0.0
22.25,0,0.0
22.26,0,0.0
22.27,0,0.0
22.28,0,0.0
22.29,0,0.0
22.3,0,0.0
22.31,0,0.0
22.32,0,0.0
22.33,0,0.0
22.34,0,0.0
22.35,0,0.0
22.36,0,0.0
22.37,0,0.0
22.38,0,0.0
22.39,0,0.0
22.4,0,0.0
22.41,0,0.0
22.42,0,0.0
22.43,0,0.0
22.44,0,0.0
22.45,0,0.0
22.46,0,0.0
22.47,0,0.0
22.48,0,0.0
22.49,0,0.0
22.5,0,0.0
22.51,0,0.0
22.52,0,0.0
22.53,0,0.0
22.54,0,0.0
22.55,0,0.0
22.56,0,0.0
22.57,0,0.0
22.58,0,0.0
22.59,0,0.0
22.6,0,0.0
22.61,0,0.0
22.62,0,0.0
22.63,0,0.0
22.64,0,0.0
22.65,0,0.0
22.66,0,0.0
22.67,0,0.0
22.68,0,0.0
22.69,0,0.0
22.7,0,0.0
22.71,0,0.0
22.72,0,0.0
22.73,0,0.0
22.74,0,0.0
22.75,0,0.0
22.76,0,0.0
22.77,0,0.0
22.78,0,0.0
22.79,0,0.0
22.8,0,0.0
22.81,0,0.0
22.82,0,0.0
22.83,0,0.0
22.84,0,0.0
22.85,0,0.0
22.86,0,0.0
22.87,0,0.0
22.88,0,0.0
22.89,0,0.0
22.9,0,0.0
22.91,0,0.0
22.92,0,0.0
22.93,0,0.0
22.94,0,0.0
22.95,0,0.0
22.96,0,0.0
22.97,0,0.0
22.98,0,0.0
22.99,0,0.0
23.0,0,0.0
23.01,0,0.0
23.02,0,0.0
23.03,0,0.0
23.04,0,0.0
23.05,0,0.0
23.06,0,0.0
23.07,0,0.0
23.08,0,0.0
23.09,0,0.0
23.1,0,0.0
23.11,0,0.0
23.12,0,0.0
23.13,0,0.0
23.14,0,0.0
23.15,0,0.0
23.16,0,0.0
23.17,0,0.0
23.18,0,0.0
23.19,0,0.0
23.2,0,0.0
23.21,0,0.0
23.22,0,0.0
23.23,0,0.0
23.24,0,0.0
23.25,0,0.0
23.26,0,0.0
23.27,0,0.0
23.28,0,0.0
23.29,0,0.0
23.3,0,0.0
23.31,0,0.0
23.32,0,0.0
23.33,0,0.0
23.34,0,0.0
23.35,0,0.0
23.36,0,0.0
23.37,0,0.0
23.38,0,0.0
23.39,0,0.0
23.4,0,0.0
23.41,0,0.0
23.42,0,0.0
23.43,0,0.0
23.44,0,0.0
23.45,0,0.0
23.46,0,0.0
23.47,0,0.0
23.48,0,0.0
23.49,0,0.0
23.5,0,0.0
23.51,0,0.0
23.52,0,0.0
23.53,0,0.0
23.54,0,0.0
23.55,0,0.0
23.56,0,0.0
23.57,0,0.0
23.58,0,0.0
23.59,0,0.0
23.6,0,0.0
23.61,0,0.0
23.62,0,0.0
23.63,0,0.0
23.64,0,0.0
23.65,0,0.0
23.66,0,0.0
23.67,0,0.0
23.68,0,0.0
23.69,0,0.0
23.7,0,0.0
23.71,0,0.0
23.72,0,0.0
23.73,0,0.0
23.74,0,0.0
23.75,0,0.0
23.76,0,0.0
23.77,0,0.0
23.78,0,0.0
23.79,0,0.0
23.8,0,0.0
23.81,0,0.0
23.82,0,0.0
23.83,0,0.0
23.84,0,0.0
23.85,0,0.0
23.86,0,0.0
23.87,0,0.0
23.88,0,0.0
23.89,0,0.0
23.9,0,0.0
23.91,0,0.0
23.92,0,0.0
23.93,0,0.0
23.94,0,0.0
23.95,0,0.0
23.96,0,0.0
23.97,0,0.0
23.98,0,0.0
23.99,0,0.0
24.0,0,0.0
24.01,0,0.0
24.02,0,0.0
24.03,0,0.0
24.04,0,0.0
24.05,0,0.0
24.06,0,0.0
24.07,0,0.0
24.08,0,0.0
24.09,0,0.0
24.1,0,0.0
24.11,0,0.0
24.12,0,0.0
24.13,0,0.0
24.14,0,0.0
24.15,0,0.0
24.16,0,0.0
24.17,0,0.0
24.18,0,0.0
24.19,0,0.0
24.2,0,0.0
24.21,0,0.0
24.22,0,0.0
24.23,0,0.0
24.24,0,0.0
24.25,0,0.0
24.26,0,0.0
24.27,0,0.0
24.28,0,0.0
24.29,0,0.0
24.3,0,0.0
24.31,0,0.0
24.32,0,0.0
24.33,0,0.0
24.34,0,0.0
24.35,0,0.0
24.36,0,0.0
24.37,0,0.0
24.38,0,0.0
24.39,0,0.0
24.4,0,0.0
24.41,0,0.0
24.42,0,0.0
24.43,0,0.0
24.44,0,0.0
24.45,0,0.0
24.46,0,0.0
24.47,0,0.0
24.48,0,0.0
24.49,0,0.0
24.5,0,0.0
24.51,0,0.0
24.52,0,0.0
24.53,0,0.0
24.54,0,0.0
24.55,0,0.0
24.56,0,0.0
24.57,0,0.0
24.58,0,0.0
24.59,0,0.0
24.6,0,0.0
24.61,0,0.0
24.62,0,0.0
24.63,0,0.0
24.64,0,0.0
24.65,0,0.0
24.66,0,0.0
24.67,0,0.0
24.68,0,0.0
24.69,0,0.0
24.7,0,0.0
24.71,0,0.0
24.72,0,0.0
24.73,0,0.0
24.74,0,0.0
24.75,0,0.0
24.76,0,0.0
24.77,0,0.0
24.78,0,0.0
24.79,0,0.0
24.8,0,0.0
24.81,0,0.0
24.82,0,0.0
24.83,0,0.0
24.84,0,0.0
24.85,0,0.0
24.86,0,0.0
24.87,0,0.0
24.88,0,0.0
24.89,0,0.0
24.9,0,0.0
24.91,0,0.0
24.92,0,0.0
24.93,0,0.0
24.94,0,0.0
24.95,0,0.0
24.96,0,0.0
24.97,0,0.0
24.98,0,0.0
24.99,0,0.0
